,X52,Common.Name.or.Group,Species.Name,Laurasiatheria,Genome,Tip_Label..Red.is.included.in.CMU.enhancer.dataset..but.missing.alignment.,Assembly_Name,FaName,Secondary_Terrestrial_Vertebrate,Secondary_Frugivore,Secondary_Arthropoda,Secondary_Terrestrial_Invertebrate,Secondary_Vegetation..leaves..browse..bulbs..grass..etc..,Secondary_Granivore..seeds.,Secondary_Veg_Exudants,Secondary_eggs,Secondary_fungi,Secondary_lichen,Secondary_Mollusks,Secondary_fish,Secondary_Marine_Mammals,Meyer.Lab.Classification,True_carn_v_all,Vert_v_herb,CarnFish_Herbs,Ins_v_herbs,MarineAquatic,MarineAquaticBinary,MarineSemiaquaticBinary,PON1Fx,X..Protein..Spring.,X..Protein..Fall.,X..Protein..Winter.,X..Protein..Summer.,X..Lipids..Summer.,X..Lipids..Fall.,X..Lipids..Spring.,X..Lipids..Winter.,X..Carbohydrate..Fall.,X..Carbohydrate..Summer.,X..Carbohydrate..Spring.,X..Carbohydrate..Winter.,Carbohydrate...mean.,Carb..SE.,Lipid.,Lipid..SE.,Protein.,Protein..SE.,Brain.mass..in.kg.,Body.mass..in.kg.,Another.set.of.eyes.,Level.of.Description..Order..Genus..Species.,NowakNotes,NutritionalGeometryNotes,NutritionalGeometryRef,Did.you.find.any.data.articles.for.this.species.,Initials.for.who.inputed.data,GeneralNotes,Domestication,DomesticationNumeric,DomesticationBinary,Echolocation
1,834,Cheetah,Acinonyx jubatus,1,aciJub1,Acinonyx_jubatus,HLaciJub2,vs_HLaciJub2,1,0,0,0,0,0,0,0,0,0,0,0,0,Carnivore,1,1,1,NA,0,0,0,1,NA,NA,NA,NA,NA,NA,NA,NA,NA,NA,NA,NA,NA,NA,NA,NA,NA,NA,0.11,38.5,0,Species,"The diet consists mainly of gazelles... and also includes impalas, other small and medium-sized ungulates, and the calves of large ungulates...Hares, other small mammals, and birds are sometimes taken. ",,,,,NA,wild,0,0,0
2,1590,Spiny mouse,Acomys cahirinus,0,,Acomys_cahirinus,HLacoCah1,vs_HLacoCah1,1,0,0,0,1,1,0,0,0,0,0,0,0,Omnivore,0,1,NA,NA,0,0,0,1,NA,NA,NA,NA,NA,NA,NA,NA,NA,NA,NA,NA,NA,NA,NA,NA,NA,NA,NA,NA,1,Genus,"Spiny mice are omnivorous but feed mainly on plant material, especially grains and grasses. Osborn and Helmy (1980:299) wrote that dates are a staple in some areas and that ""the dried flesh and bone marrow of mummified humans is a source of food for A. calririn11s in the tombs of Gebel Drunka southwest of Asyut.""",,,,,NA,captive,2,0,0
3,693,Panda,Ailuropoda melanoleuca,1,ailMel1,Ailuropoda_melanoleuca,HLailMel2,vs_HLailMel2,1,0,0,0,1,0,0,0,0,0,0,1,0,Omnivore,0,1,NA,NA,0,0,0,1,NA,NA,NA,NA,NA,NA,NA,NA,NA,NA,NA,NA,NA,NA,NA,NA,NA,NA,NA,NA,0,Species,"bamboo, gentians, irises, crocuses, tufted grasses, occassionally hunts for fish, pikas, and small rodents",,,,,NA,captive,2,0,0
4,695,Red Panda ,Ailurus fulgens,1,ailFul1,Ailurus_fulgens,HLailFul2,vs_HLailFul2,0,1,1,0,1,1,0,1,0,0,0,0,0,Omnivore,0,0,NA,NA,0,0,0,1,NA,NA,NA,NA,NA,NA,NA,NA,NA,NA,NA,NA,69.4,NA,4.95,NA,23.95,NA,NA,NA,0,Species,"The diet consists mostly of bamboo sprouts, grasses, roots, fruits, and acorns. It also occasionally takes insects, eggs, young birds, and small rodents. ","The macronutrient bal- ance of the early-summer-leaves diet was 25.4 % crude pro- tein, 6.8 % fat, and 65.4 % available carbohydrate, while the winter-leaves diet had a balance of 22.5, 3.1, and 73.4 %, respectively. Differences in diet between sampling periods may reflect preferences associated with seasonal physiological demands.",,YES,ARG,NA,wild,0,0,0
5,1341,Gobi jerboa,Allactaga bullata,0,,Allactaga_bullata,HLallBul1,vs_HLallBul1,0,0,0,0,0,1,0,0,0,0,0,0,0,Insectivore/herbivore,0,0,NA,NA,0,0,0,1,NA,NA,NA,NA,NA,NA,NA,NA,NA,NA,NA,NA,NA,NA,NA,NA,NA,NA,NA,NA,0,Genus,"No info on A. bullata. Genus info: Most species of Allactaga are primarily vegetarian. A. major  is almost exclusively a seed eater but also takes bulbs and some other plant matter. In contrast, A. sibirica is mainly insectivorous. ",,,,,NA,wild,0,0,0
6,543,Howler Monkey,Alouatta palliata,0,,Alouatta_palliata,HLaloPal1,vs_HLaloPal1,0,1,0,0,1,0,0,0,0,0,0,0,0,Herbivore,0,0,0,0,0,0,0,1,NA,NA,NA,NA,NA,NA,NA,NA,NA,NA,NA,NA,NA,NA,NA,NA,NA,NA,NA,NA,0,Genus,"The diet of Alouatta is varied but consists mainly of leaves, fruits, and other vegetable matter.",,,,,NA,NA,NA,NA,0
7,1229,Aoudad,Ammotragus lervia,1,,Ammotragus_lervia,HLammLer1,vs_HLammLer1,0,0,0,0,1,0,0,0,0,0,0,0,0,Herbivore,0,0,0,0,0,0,0,1,NA,NA,NA,NA,NA,NA,NA,NA,NA,NA,NA,NA,NA,NA,NA,NA,NA,NA,NA,NA,0,Species,"Diet consists of grass, herbaceous plants, and stunted bushes.",,,,,NA,NA,NA,NA,0
8,373,Geoffroy's Long-nosed Bats,Anoura caudifer,1,,Anoura_caudifer,HLanoCau1,vs_HLanoCau1,0,1,1,0,0,0,1,0,0,0,0,0,0,Insectivore/Herbivore,0,0,NA,NA,0,0,0,1,NA,NA,NA,NA,NA,NA,NA,NA,NA,NA,NA,NA,NA,NA,NA,NA,NA,NA,NA,NA,0,Genus,"The diet of this genus includes fruit, pollen, nectar, and insects",,,,,NA,wild,0,0,1
9,1132,Pronghorn,Antilocapra americana,1,,Antilocapra_americana,HLantAme1,vs_HLantAme1,0,0,0,0,1,0,0,0,0,0,0,0,0,Herbivore,0,0,0,0,0,0,0,1,NA,NA,NA,NA,NA,NA,NA,NA,NA,NA,NA,NA,NA,NA,NA,NA,NA,NA,NA,NA,0,Species,"The pronghorn both grazes and browses on a wide variety of shrubs, forbs, grasses, cacti, and other plants. ",,,no,ARG,NA,captive,2,0,0
10,551,Night Monkey,Aotus nancymaae,0,aotNan1,Aotus_nancymaae,aotNan1,vs_aotNan1,1,1,1,0,1,1,1,0,0,0,0,0,0,Omnivore,0,1,NA,NA,0,0,0,1,NA,NA,NA,NA,NA,NA,NA,NA,NA,NA,NA,NA,NA,NA,NA,NA,NA,NA,NA,NA,0,Genus,"The diet consists mainly of fruits, nuts, leaves, bark, flowers, gums, insects, and small vertebrates",,,,,NA,captive,2,0,0
11,1245,Sewellel ,Aplodontia rufa,0,,Aplodontia_rufa,HLaplRuf1,vs_HLaplRuf1,0,0,0,0,1,0,0,0,0,0,0,0,0,Herbivore,0,0,0,0,0,0,0,1,NA,NA,NA,NA,NA,NA,NA,NA,NA,NA,NA,NA,NA,NA,NA,NA,NA,NA,NA,NA,0,Species,This rodent eats almost any plant material,,,,,NA,wild,0,0,0
12,397,Neotropical Fruit Bats,Artibeus jamaicensis,1,,Artibeus_jamaicensis,HLartJam2,vs_HLartJam2,0,1,0,0,1,0,0,0,0,0,0,0,0,Herbivore,0,0,0,0,0,0,0,1,NA,NA,NA,NA,NA,NA,NA,NA,NA,NA,NA,NA,NA,NA,NA,NA,NA,NA,NA,NA,0,Species,"Artibeus is primarily frugivorous but also consumes pollen, nectar, flower parts, and insects. Certain kinds of leaves may also be significant, at least in the diet of A. jamaicensis. Figs are the most important food of A. jamaicensis on Barro Colorado Island. a bat there may eat more than its weight in figs during a night. Other fruits known to be taken by Artibeus include mangoes, avocados, bananas, espave nuts, and the pulpy later surrounding the seeds of Acrocomia palms. ",,,,,NA,wild,0,0,1
13,540,Spider Monkeys,Ateles geoffroyi,0,,Ateles_geoffroyi,HLateGeo1,vs_HLateGeo1,0,1,1,0,1,1,0,1,0,0,0,0,0,Omnivore,0,0,NA,NA,0,0,0,1,NA,NA,NA,NA,NA,NA,NA,NA,NA,NA,NA,NA,NA,NA,NA,NA,NA,NA,NA,NA,0,Genus,"The diet consists largely of fruits, supplemented by nuts, seeds, bud, flowers, leaves, insects, arachnids, and eggs",,,,,NA,wild,0,0,0
14,972,Minke Whale,Balaenoptera acutorostrata,1,balAcu1,Balaenoptera_acutorostrata,balAcu1,vs_balAcu1,0,0,1,0,0,0,0,0,0,0,1,1,0,Carnivore/Planktivore,0,1,NA,NA,1,1,1,0,NA,NA,NA,NA,NA,NA,NA,NA,NA,NA,NA,NA,NA,NA,NA,NA,NA,NA,NA,NA,0,Species,"In the Antarctic the diet consists almost exclusively of plankton, but in the Northern Hemisphere B acutorostrata also eats squid, herring, cod, sardines and various other kinds of small fish.",,,,,NA,wild,0,0,0
15,972,Antartic Minke Whale,Balaenoptera bonaerensis,1,,Balaenoptera_bonaerensis,HLbalBon1,vs_HLbalBon1,0,0,1,0,0,0,0,0,0,0,1,0,0,Planktivore,0,N/A,NA,NA,1,1,1,0,NA,NA,NA,NA,NA,NA,NA,NA,NA,NA,NA,NA,NA,NA,NA,NA,NA,NA,NA,NA,1,Genus,Doesn't have entry in NOWAK. Info from Minke Whale. ,,,,,NA,wild,0,0,0
16,1179,Sassabie,Beatragus hunteri,1,,Beatragus_hunteri,HLbeaHun1,vs_HLbeaHun1,0,0,0,0,1,0,0,0,0,0,0,0,0,Herbivore,0,0,0,0,0,0,0,1,NA,NA,NA,NA,NA,NA,NA,NA,NA,NA,NA,NA,NA,NA,NA,NA,NA,NA,NA,NA,0,Genus,Also known as Damaliscus beatragus hunteri; Their diet mainly consists of grass,,,,,NA,captive,2,0,0
17,1161,American Bison,Bison bison,1,bisBis1,Bison_bison,bisBis1,vs_bisBis1,0,0,0,0,1,0,0,0,0,0,0,0,0,Herbivore,0,0,0,0,0,0,0,1,NA,NA,NA,NA,NA,NA,NA,NA,NA,NA,NA,NA,82,2.8,7.2,1.2,11,1.9,NA,NA,0,Genus,B. bison feeds mostly on grass,"The coefficient of variation for each macronutrient was

3.4% for carbohydrates and 17% for both lipids and pro-
teins, demonstrating that carbohydrates varied the least

relative to their mean percentages.",Lee J. HECKER et al. Mammel Review 2020,YES,ARG,NA,wild,0,0,0
18,1153,Zebu,Bos indicus,1,bosMut1,Bos_indicus,HLbosInd2,vs_HLbosInd2,0,0,0,0,1,0,0,0,0,0,0,0,0,Herbivore,0,0,0,0,0,0,0,1,NA,NA,NA,NA,NA,NA,NA,NA,NA,NA,NA,NA,NA,NA,NA,NA,NA,NA,NA,NA,0,Species,Domesticated cattle from India. Sub species of Bos taurus. Info from Bos taurus.,,,,,NA,domestic,1,1,0
19,1153,Yak,Bos mutus,1,bosMut1,Bos_mutus,HLbosMut2,vs_HLbosMut2,0,0,0,0,1,0,0,0,0,1,0,0,0,Herbivore,0,0,0,0,0,0,0,1,NA,NA,NA,NA,NA,NA,NA,NA,NA,NA,NA,NA,NA,NA,NA,NA,NA,NA,NA,NA,0,Species,"Domesticated yak. Wild yak Bos grunniens is considered conspecific according to NOWAK. Information from Bos grunniens. According to Grzimek, the yak stays in high areas with permanent snow during the relatively warm months of August and September and spends the rest of the year at lower elevations, feeding on grass, herbs, and lichens. ",,,,,NA,domestic,1,1,0
20,1153,Cow,Bos taurus,1,bosTau7,Bos_taurus,bosTau9,vs_bosTau9,0,0,0,0,1,0,0,0,0,0,0,0,0,Herbivore,0,0,0,0,0,0,0,1,NA,NA,NA,NA,NA,NA,NA,NA,NA,NA,NA,NA,NA,NA,NA,NA,NA,NA,NA,NA,0,Species,Grass ,,,,,NA,domestic,1,1,0
21,1147,Asian Water Buffalo,Bubalus bubalis,1,bubBub1,Bubalus_bubalis,HLbubBub2,vs_HLbubBub2,0,1,0,0,1,0,0,0,0,0,0,0,0,Herbivore,0,0,0,0,0,0,0,1,NA,NA,NA,NA,NA,NA,NA,NA,NA,NA,NA,NA,40.41,1.82,NA,NA,10.52,0.93,NA,NA,0,Genus,"They have a wide-ranging diet including grasses, ferns, saplings, palm, ginger, and fallen fruit","However, the mean nutrient composition
of the 16 most frequently consumed forage plants (19.4% protein:
73.7% carbohydrate: 6.9% lipid) was not significantly different than
the estimated nutrient balance (20.5% protein: 72.8% carbohydrate:
6.7% lipid) of their weighted diet",Tej Kumar Shrestha et al. Ecology and Evolution Original Research Wiley 2019,YES,ARG,NA,domestic,1,1,0
22,549,Titi Monkey,Callicebus donacophilus,0,,Callicebus_donacophilus,,vs_HLpleDon1,1,1,1,1,1,0,0,1,0,0,0,0,0,Omnivore,0,1,NA,NA,0,0,0,1,NA,NA,NA,NA,NA,NA,NA,NA,NA,NA,NA,NA,NA,NA,NA,NA,NA,NA,NA,NA,0,Genus,"The diet consists mostly of fruits but also includes leaves, other vegetation, insects, other small invertebrates, birds' eggs, and small vertebrates",,,,,NA,wild,0,0,0
23,564,Marmoset,Callithrix jacchus,0,calJac3,Callithrix_jacchus,HLcalJac4,vs_HLcalJac4,1,1,1,0,1,1,1,0,0,0,0,0,0,Omnivore,0,1,NA,NA,0,0,0,1,NA,NA,NA,NA,NA,NA,NA,NA,NA,NA,NA,NA,NA,NA,NA,NA,NA,NA,NA,NA,0,,"insects, spiders, small vertebrates, birds' eggs, furits, and tree exudates, tree bark, 70 percent of forraging time of C. jacchus involves collections of gums and sap",,,,,NA,captive,2,0,0
24,1078,Bactrian Camel,Camelus bactrianus,1,camBac1,Camelus_bactrianus,HLcamBac1,vs_HLcamBac1,1,0,0,0,1,0,0,0,0,0,0,1,0,Omnivore,0,1,NA,NA,0,0,0,1,NA,NA,NA,NA,NA,NA,NA,NA,NA,NA,NA,NA,NA,NA,NA,NA,NA,NA,NA,NA,1,Genus,"Conspecific with C. ferus. C. ferus used to denote wild, but wild and domesticated can interbreed. Species names seem to be used interchangeably. Info from C. ferus. ",,,,,NA,domestic,1,1,0
25,1078,One-hump Camel,Camelus dromedarius,1,camDro1,Camelus_dromedarius,HLcamDro2,vs_HLcamDro2,1,0,0,0,1,0,0,0,0,0,0,1,0,Omnivore,0,1,NA,NA,0,0,0,1,NA,NA,NA,NA,NA,NA,NA,NA,NA,NA,NA,NA,NA,NA,NA,NA,NA,NA,NA,NA,0,Genus,"eat practically any vegetation that grows in the desert or semiarid regions. If forced by hunger, they will eat fish, flesh, bones, and skin.",,,,,NA,domestic,1,1,0
26,1078,Ferus Camel,Camelus ferus,1,camFer1,Camelus_ferus,HLcamFer3,vs_HLcamFer3,1,0,0,0,1,0,0,0,0,0,0,1,0,Omnivore,0,1,NA,NA,0,0,0,1,NA,NA,NA,NA,NA,NA,NA,NA,NA,NA,NA,NA,NA,NA,NA,NA,NA,NA,NA,NA,0,Genus,"eat practically any vegetation that grows in the desert or semiarid regions. If forced by hunger, they will eat fish, flesh, bones, and skin.",,,,,NA,wild,0,0,0
27,655,Dog,Canis lupus familiaris,1,canFam3,Canis_lupus,HLcanLupDin1,vs_canFam4,1,0,0,0,0,0,0,0,0,0,0,0,0,Carnivore,1,1,1,NA,0,0,0,1,NA,NA,NA,NA,NA,NA,NA,NA,NA,NA,NA,NA,NA,NA,NA,NA,NA,NA,0.072,13,0,,"steal from humans, scavenge, hunt deer, rats, birds",,,,,NA,wild,0,0,0
28,655,Dog,Canis lupus familiaris,1,canFam3,Canis_lupus_familiaris,canFam5,vs_canFam5,1,0,0,0,0,0,0,0,0,0,0,0,0,Carnivore,1,1,1,NA,0,0,0,1,NA,NA,NA,NA,NA,NA,NA,NA,NA,NA,NA,NA,NA,NA,NA,NA,NA,NA,NA,NA,0,,"steal from humans, scavenge, hunt deer, rats, birds",,,,,NA,wild,0,0,0
29,1220,Wild goat,Capra aegagrus,1,,Capra_aegagrus,HLcapAeg1,vs_HLcapAeg1,0,0,0,0,1,0,0,0,0,0,0,0,0,Herbivore,0,0,0,0,0,0,0,1,NA,NA,NA,NA,NA,NA,NA,NA,NA,NA,NA,NA,NA,NA,NA,NA,NA,NA,NA,NA,0,Species,"Food is taken by both grazing and browsing, depending on the season and availablilty",,,no,ARG,NA,wild,0,0,0
30,1220,Domestic goat,Capra hircus,1,capHir1,Capra_hircus,HLcapHir2,vs_HLcapHir2,0,0,0,0,1,0,0,0,0,0,0,0,0,Herbivore,0,0,0,0,0,0,0,1,NA,NA,NA,NA,NA,NA,NA,NA,NA,NA,NA,NA,NA,NA,NA,NA,NA,NA,NA,NA,0,Genus,All types of natural vegetation,,,,,NA,domestic,1,1,0
31,1706,Desmarest cuban hutia,Capromys pilorides,0,,Capromys_pilorides,,,1,1,0,0,1,0,0,0,0,0,0,0,0,Omnivore,0,1,NA,NA,0,0,0,1,NA,NA,NA,NA,NA,NA,NA,NA,NA,NA,NA,NA,NA,NA,NA,NA,NA,NA,NA,NA,0,Species,"The diet of Capromys includes leaves, bark, fruits, lizards, and other small animals. ",,,,,NA,wild,0,0,0
32,384,Short-tailed Leaf-nosed Bats,Carollia perspicillata,1,,Carollia_perspicillata,HLcarPer3,vs_HLcarPer3,0,1,1,0,0,0,1,0,0,0,0,0,0,Insectivore/Herbivore,0,0,NA,NA,0,0,0,1,NA,NA,NA,NA,NA,NA,NA,NA,NA,NA,NA,NA,NA,NA,NA,NA,NA,NA,NA,NA,0,Species,"The diet seems to consist mainly of fruits, including guavas, bananas, wild figs, and plantains. Sazima (1976) observed C. perspicillata taking nectar from passionflowers. In this species, and porbably others as well, insects also seem to be an important food. ",,,,,NA,wild,0,0,1
33,1306,Beaver,Castor canadensis,0,casCan1,Castor_canadensis,HLcasCan3,vs_HLcasCan3,0,0,0,0,1,0,0,0,0,0,0,0,0,Herbivore,0,0,0,0,0.5,NA,NA,0,NA,NA,NA,NA,NA,NA,NA,NA,NA,NA,NA,NA,NA,NA,NA,NA,NA,NA,0.045,17,0,Genus,"The feed on the bark, cambium, twigs, leaves, and roots of deciduous trees and shrubs, such as willow, alder, birch, and aspen, and on various parts of aquatic plants. ",,,,,NA,wild,0,0,0
34,1064,Chacoan Peccary,Catagonus wagneri,1,,Catagonus_wagneri,HLcatWag1,vs_HLcatWag1,1,0,0,0,1,1,0,0,0,0,0,0,0,Omnivore,0,1,NA,NA,0,0,0,1,NA,NA,NA,NA,NA,NA,NA,NA,NA,NA,NA,NA,NA,NA,NA,NA,NA,NA,NA,NA,0,Species,"Legume seeds, roots, and cacti are thought to be important components of the diet. Taber cited reports that Catagonus also sometimes eats carrion, may even prey on small mammals, and may not need to drink water. ",,,,,NA,captive,2,0,0
35,1667,Brazilian guinea pig,Cavia aperea,0,,Cavia_aperea,cavApe1,vs_cavApe1,0,0,0,0,1,0,0,0,0,0,0,0,0,Herbivore,0,0,0,0,0,0,0,1,NA,NA,NA,NA,NA,NA,NA,NA,NA,NA,NA,NA,NA,NA,NA,NA,NA,NA,NA,NA,0,Genus,Diet consists of many kinds of vegetation,,,,,NA,NA,NA,NA,0
36,1667,Domestic guinea pig,Cavia porcellus,0,cavPor3,Cavia_porcellus,cavPor3,vs_cavPor3,0,0,0,0,1,0,0,0,0,0,0,0,0,Herbivore,0,0,0,0,0,0,0,1,NA,NA,NA,NA,NA,NA,NA,NA,NA,NA,NA,NA,NA,NA,NA,NA,NA,NA,0.004,0.9,0,Genus,Diet consists of many kinds of vegetation,,,,,NA,captive,2,0,0
37,1667,Montane guinea pig,Cavia tschudii,0,,Cavia_tschudii,HLcavTsc1,vs_HLcavTsc1,0,0,0,0,1,0,0,0,0,0,0,0,0,Herbivore,0,0,0,0,0,0,0,1,NA,NA,NA,NA,NA,NA,NA,NA,NA,NA,NA,NA,NA,NA,NA,NA,NA,NA,NA,NA,0,Genus,Diet consists of many kinds of vegetation,,,,,NA,captive,2,0,0
38,553,Ring-tailed Monkey,Cebus albifrons,0,,Cebus_albifrons,HLcebAlb1,vs_HLcebAlb1,1,1,1,0,1,1,1,1,0,0,1,0,0,Omnivore/Generalist,0,1,NA,NA,0,0,0,1,NA,NA,NA,NA,NA,NA,NA,NA,NA,NA,NA,NA,NA,NA,NA,NA,NA,NA,NA,NA,1,Genus,"The diet of Cebus is more varied than that of any other New World monkey. Foods include fruits, nuts, berries, seeds, flowers, buds, shoots, bark, gums, insects, arachnids, eggs, small vertebrates, oysters, crabs",,,,,NA,captive,2,0,0
39,553,Ring-tailed Monkey,Cebus capucinus,0,cebCap1,Cebus_capucinus,cebCap1,vs_cebCap1,1,1,1,0,1,1,1,1,0,0,1,0,0,Omnivore/Generalist,0,1,NA,NA,0,0,0,1,NA,NA,NA,NA,NA,NA,NA,NA,NA,NA,NA,NA,NA,NA,NA,NA,NA,NA,NA,NA,1,Genus,"The diet of Cebus is more varied than that of any other New World monkey. Foods include fruits, nuts, berries, seeds, flowers, buds, shoots, bark, gums, insects, arachnids, eggs, small vertebrates, oysters, crabs",,,,,NA,wild,0,0,0
40,1037,White rhinoceros,Ceratotherium simum,1,cerSim1,Ceratotherium_simum,cerSim1,vs_cerSim1,0,0,0,0,1,0,0,0,0,0,0,0,0,Herbivore,0,0,0,0,0,0,0,1,NA,NA,NA,NA,NA,NA,NA,NA,NA,NA,NA,NA,NA,NA,NA,NA,NA,NA,NA,NA,0,Species,"Differs from other rhinos in that it is entirely a grazer. It feeds largely on short grasses, using only the broad, flexible lips for cropping the stems. ",,,,,NA,wild,0,0,0
41,1037,White rhinoceros (Chad),Ceratotherium simum cottoni,1,,Ceratotherium_simum_cottoni,HLcerSimCot1,vs_HLcerSimCot1,0,0,0,0,1,0,0,0,0,0,0,0,0,Herbivore,0,0,0,0,0,0,0,1,NA,NA,NA,NA,NA,NA,NA,NA,NA,NA,NA,NA,NA,NA,NA,NA,NA,NA,NA,NA,0,Species,Subspecies of C. simum. Info from C. simum. ,,,,,NA,wild,0,0,0
42,577,Sooty Mangabey,Cercocebus atys,0,cerAty1,Cercocebus_atys,cerAty1,vs_cerAty1,1,1,0,0,0,0,0,0,0,0,0,0,0,Omnivore,0,1,NA,NA,0,0,0,1,NA,NA,NA,NA,NA,NA,NA,NA,NA,NA,NA,NA,NA,NA,NA,NA,NA,NA,NA,NA,0,Species,atys is a sub-group of torquatus; Torquatus diet consisted of fruits and animal matter,,,,,NA,captive,2,0,0
43,573,Guenon,Cercopithecus neglectus,0,,Cercopithecus_neglectus,HLcerNeg1,vs_HLcerNeg1,1,1,1,0,1,1,0,1,0,0,0,0,0,Omnivore,0,1,NA,NA,0,0,0,1,NA,NA,NA,NA,NA,NA,NA,NA,NA,NA,NA,NA,NA,NA,NA,NA,NA,NA,NA,NA,0,Genus,"The diet is varied but consists mainly of fruits and seeds therof. A substantial amount of leaves also is eated, some grain and roots, and, at least on occasion, young birds, birds' eggs small reptiles, and insects. ",,,,,NA,captive,2,0,0
44,507,Dwarf Lemur,Cheirogaleus medius,0,,Cheirogaleus_medius,HLcheMed1,vs_HLcheMed1,0,1,1,0,0,0,1,0,0,0,0,0,0,Herbivore,0,0,0,NA,0,0,0,1,NA,NA,NA,NA,NA,NA,NA,NA,NA,NA,NA,NA,NA,NA,NA,NA,NA,NA,0.00269,2.49,0,Genus,"The diet consists mainly of fruit, flowers, nectar, and insects. ",,,,,NA,captive,2,0,0
45,1662,Chinchilla,Chinchilla lanigera,0,chiLan1,Chinchilla_lanigera,chiLan1,vs_chiLan1,0,0,0,0,1,1,0,0,0,0,0,0,0,Herbivore,0,0,0,0,0,0,0,1,NA,NA,NA,NA,NA,NA,NA,NA,NA,NA,NA,NA,NA,NA,NA,NA,NA,NA,NA,NA,0,Genus,Any available vegetation,,,,,NA,wild,0,0,0
46,571,Green monkey,Chlorocebus sabaeus,0,chlSab1,Chlorocebus_sabaeus,chlSab2,vs_chlSab2,1,1,1,0,1,1,0,1,0,0,0,0,0,Omnivore,0,1,NA,NA,0,0,0,1,NA,NA,NA,NA,NA,NA,NA,NA,NA,NA,NA,NA,NA,NA,NA,NA,NA,NA,NA,NA,0,,"More than half of feeding time involved hunting for fiddler crabs, eat a variety of fruits, other plant parts, insects, crustraceans, birds eggs, and small vertebrates",,,,,NA,captive,2,0,0
47,181,Cape golden mole,Chrysochloris asiatica,0,chrAsi1,Chrysochloris_asiatica,chrAsi1,vs_chrAsi1,0,0,0,1,0,0,0,0,0,0,0,0,0,Insectivore,0,N/A,NA,1,0,0,0,1,NA,NA,NA,NA,NA,NA,NA,NA,NA,NA,NA,NA,NA,NA,NA,NA,NA,NA,NA,NA,0,,"Invertebrates, beetles, grubs, and worms",,,,,NA,wild,0,0,0
48,604,Black-and-white Colobus Monkey,Colobus angolensis,0,colAng1,Colobus_angolensis,colAng1,vs_colAng1,0,1,0,0,1,1,0,0,0,0,0,0,0,Herbivore,0,0,0,0,0,0,0,1,NA,NA,NA,NA,NA,NA,NA,NA,NA,NA,NA,NA,NA,NA,NA,NA,NA,NA,NA,NA,0,Genus,"The diet consists mostly of leaves, but fruits and flowers are at least seasonally important.",,,,,NA,captive,2,0,0
49,242,Star-nosed mole,Condylura cristata,1,conCri1,Condylura_cristata,conCri1,vs_conCri1,0,0,1,1,0,0,0,0,0,0,0,1,0,Carnivore/Piscivore,0,1,NA,NA,0.5,NA,NA,NA,NA,NA,NA,NA,NA,NA,NA,NA,NA,NA,NA,NA,NA,NA,NA,NA,NA,NA,NA,NA,0,,"Aquatic insects, crustaceans, small fish, and earthworms",,,,,NA,captive,2,0,0
50,320,Kitti's Hog-nosed Bat,Craseonycteris thonglongyai,1,,Craseonycteris_thonglongyai,HLcraTho1,vs_HLcraTho1,0,0,1,0,0,0,0,0,0,0,0,0,0,Insectivore,0,N/A,NA,1,0,0,0,1,NA,NA,NA,NA,NA,NA,NA,NA,NA,NA,NA,NA,NA,NA,NA,NA,NA,NA,NA,NA,0,Species,"prey insects can be found, insects probably were seized directly with the mouth, the stomach contents of one specimen consisted of the fragments of small insects and a spider",,,,,NA,wild,0,0,1
51,1495,African Giant Pouched Rats,Cricetomys gambianus,0,,Cricetomys_gambianus,HLcriGam1,vs_HLcriGam1,0,0,1,0,1,0,0,0,0,0,1,0,0,Generalist,0,0,NA,NA,0,0,0,1,NA,NA,NA,NA,NA,NA,NA,NA,NA,NA,NA,NA,NA,NA,NA,NA,NA,NA,NA,NA,0,Genus,"Ajayi stated that these rats are completely omnivorous, feeding on vegetables, insects, crabs, snails, and other items but apparently preferring palm fruits and palm kernels. According to Kindon, these rats store a considerable amounmt of food as well as many nonedible items, such as coins, metal, and bits of cloth.",,,,,NA,wild,0,0,0
52,1421,Chinese hamster,Cricetulus griseus,0,criGri1,Cricetulus_griseus,HLcriGri3,vs_HLcriGri3,0,0,1,0,1,1,0,0,0,0,0,0,0,Herbivore,0,0,0,NA,0,0,0,1,NA,NA,NA,NA,NA,NA,NA,NA,NA,NA,NA,NA,NA,NA,NA,NA,NA,NA,NA,NA,0,Genus,"Diet consists of young shoots and seeds. Preferred items are soybeans, peas, and millet seeds. Insects are taken. Captives killed and ate frogs and jerboas. Captives excluded from annotations. ",,,,,NA,captive,2,0,0
53,218,White-toothed Shrews,Crocidura indochinensis,1,,Crocidura_indochinensis,,,1,0,0,1,0,0,0,0,0,0,0,0,0,Carnivore,1,1,1,NA,0,0,0,1,NA,NA,NA,NA,NA,NA,NA,NA,NA,NA,NA,NA,NA,NA,NA,NA,NA,NA,NA,NA,0,Genus,"The diet of Crocidura consists of invertebrates and the bodies of freshly killed animals. In captivity many species will consume all but the skin, tail, and parts of the libs of a small mammal; the brain is always eaten first. They also feed on frogs, toads, and lizards. ",,,,,NA,NA,NA,NA,0
54,785,Fossa,Cryptoprocta ferox,1,,Cryptoprocta_ferox,HLcryFer2,vs_HLcryFer2,1,0,1,0,0,0,0,0,0,0,0,0,0,Carnivore,1,1,1,NA,0,0,0,1,NA,NA,NA,NA,NA,NA,NA,NA,NA,NA,NA,NA,NA,NA,NA,NA,NA,NA,NA,NA,0,Species,"Its diet consists mainly of small mammals and birds but also includes reptiles, frogs, and insects",,,,,NA,captive,2,0,0
55,1624,Gundi,Ctenodactylus gundi,0,,Ctenodactylus_gundi,HLcteGun1,vs_HLcteGun1,0,0,0,0,1,0,0,0,0,0,0,0,0,Herbivore,0,0,0,0,0,0,0,1,NA,NA,NA,NA,NA,NA,NA,NA,NA,NA,NA,NA,NA,NA,NA,NA,NA,NA,NA,NA,0,Genus,These rodents seem to feed solely on plant material. ,,,,,NA,wild,0,0,0
56,1678,Tuco tuco,Ctenomys sociabilis,0,,Ctenomys_sociabilis,HLcteSoc1,vs_HLcteSoc1,0,0,0,0,1,0,0,0,0,0,0,0,0,Herbivore,0,0,0,0,0,0,0,1,NA,NA,NA,NA,NA,NA,NA,NA,NA,NA,NA,NA,NA,NA,NA,NA,NA,NA,NA,NA,0,Genus,"Some food, in the form of roots, stems, and grass, is probably pulled into the burrows from below.... The diet is thought to be entirely vegetarian. ",,,,,NA,captive,2,0,0
57,1674,Pacas,Cuniculus paca,0,,Cuniculus_paca,,,0,1,0,0,1,0,0,0,0,0,0,0,0,Herbivore,0,0,0,0,0,0,0,1,NA,NA,NA,NA,NA,NA,NA,NA,NA,NA,NA,NA,NA,NA,NA,NA,NA,NA,NA,NA,0,Genus,"Also called Agouti paca; Their diet consists of leaves, stems, roots, seeds, and fallen fruit. ",,,,,NA,wild,0,0,0
58,1674,Agouti,Dasyprocta punctata,0,,Dasyprocta_punctata,HLdasPun1,vs_HLdasPun1,0,1,1,0,1,1,0,0,0,0,0,0,0,Omnivore,0,0,NA,NA,0,0,0,1,NA,NA,NA,NA,NA,NA,NA,NA,NA,NA,NA,NA,NA,NA,NA,NA,NA,NA,NA,NA,0,Genus,"The diet consists of fruits, vegetables and various succulent plants. D. punctata also sometimes browsed and ate crabs. ",,,,,NA,captive,2,0,0
59,165,Armadillo,Dasypus novemcinctus,0,dasNov3,Dasypus_novemcinctus,dasNov3,vs_dasNov3,1,0,1,0,0,0,0,0,0,0,0,0,0,Insectivore/Carnivore,0,1,NA,1,0,0,0,1,NA,NA,NA,NA,NA,NA,NA,NA,NA,NA,NA,NA,NA,NA,NA,NA,NA,NA,NA,NA,0,,"arthropods, small reptiles, and amphibians, animal matter, insects such as beetles and ants",,,,,NA,NA,NA,NA,0
60,532,Aye-ayes,Daubentonia madagascariensis,0,,Daubentonia_madagascariensis,HLdauMad1,vs_HLdauMad1,0,1,1,0,1,0,1,0,0,0,0,0,0,Insectivore/Herbivore,0,0,NA,NA,0,0,0,1,NA,NA,NA,NA,NA,NA,NA,NA,NA,NA,NA,NA,NA,NA,NA,NA,NA,NA,NA,NA,0,Genus,"The main foods there were seeds from the fruit of Canarium, cankerous growths on Intsia, nectar from Ravenala, and larve from several families of insects. The aye-aye also eats coconuts...Other studies on Nosy Mangabe Island, where the aye-aye was introduced in 1967, indicates that the diet also includes bamboo, tree exudates, large insects, and possibly small invertebrates. Italicized information omitted from analysis because it was a result of reintroduction, like captivity. ",,,,,NA,wild,0,0,0
61,907,Beluga Whale,Delphinapterus leucas,1,delLeu1,Delphinapterus_leucas,HLdelLeu2,vs_HLdelLeu2,0,0,0,0,0,0,0,0,0,0,1,1,0,Piscivore,0,1,1,NA,1,1,1,0,NA,NA,NA,NA,NA,NA,NA,NA,NA,NA,NA,NA,NA,NA,NA,NA,NA,NA,NA,NA,0,Species,"The diet includes a great variety of fish, such as cod and herring, as well as octopus, squid, brabs, and snails",,,,,NA,captive,2,0,1
62,NA,Dolphin,Delphinus delphis,NA,,,,,NA,NA,NA,NA,NA,NA,NA,NA,NA,NA,NA,NA,NA,,NA,,NA,NA,NA,NA,NA,NA,NA,NA,NA,NA,NA,NA,NA,NA,NA,NA,NA,NA,NA,NA,NA,NA,NA,NA,NA,NA,NA,,,,,,,NA,NA,NA,NA,1
63,353,Common Vampire Bat,Desmodus rotundus,1,desRot1,Desmodus_rotundus,HLdesRot2,vs_HLdesRot2,0,0,0,0,0,0,0,0,0,0,0,0,0,Hematophagy ,0,1,NA,NA,0,0,0,1,NA,NA,NA,NA,NA,NA,NA,NA,NA,NA,NA,NA,NA,NA,NA,NA,NA,NA,NA,NA,0,Species,"The feeding habits of the vampire have been so exaggerated and confused with Old World legends that the animal is of particular interest. Its usual food is the blood of horses, burros, cattle, and occasionally human beings. Data summarized by Gardner indicate that in some areas Desmodus also preys extensively on domestic turkeys and chickens. ",,,,,NA,captive,2,0,1
64,1030,Sumatran Rhinoceros,Dicerorhinus sumatrensis,1,,Dicerorhinus_sumatrensis,HLdicSum1,vs_HLdicSum1,0,1,0,0,1,1,0,0,0,0,0,0,0,Herbivore,0,0,0,0,0,0,0,1,NA,NA,NA,NA,NA,NA,NA,NA,NA,NA,NA,NA,NA,NA,NA,NA,NA,NA,NA,NA,0,Species,"The diet includes fruit, leaves, twigs, and bark. Favored foods are wild mangoes, figs, bamboo, and all kinds of plants found in secondary growth. Cultivated crops sometimes are eaten. ",,,,,NA,wild,0,0,0
65,1034,Black Rhinoceros,Diceros bicornis,1,,Diceros_bicornis,HLdicBic1,vs_HLdicBic1,0,0,0,0,1,0,0,0,0,0,0,0,0,Herbivore,0,0,0,0,0,0,0,1,NA,NA,NA,NA,NA,NA,NA,NA,NA,NA,NA,NA,NA,NA,NA,NA,NA,NA,NA,NA,0,Species,"Diceros is a browser, its main foods being the thin regenerating twigs of woody growth and legumes. A great variety of plant species are utilized, through acacias seem to be a favorite. ",,,,,NA,wild,0,0,0
66,1663,Pacarana,Dinomys branickii,0,,Dinomys_branickii,HLdinBra1,vs_HLdinBra1,0,1,0,0,1,0,0,0,0,0,0,0,0,Herbivore,0,0,0,0,0,0,0,1,NA,NA,NA,NA,NA,NA,NA,NA,NA,NA,NA,NA,NA,NA,NA,NA,NA,NA,NA,NA,0,Species,"Diet consists mainly of fruits, leaves, and tender stems",,,,,NA,NA,NA,NA,0
67,1325,Ord Kangaroo Rat,Dipodomys ordii,0,dipOrd2,Dipodomys_ordii,dipOrd2,vs_dipOrd2,0,1,1,0,1,1,0,0,0,0,0,0,0,Insectivore/herbivore,0,0,NA,NA,0,0,0,1,NA,NA,NA,NA,NA,NA,NA,NA,NA,NA,NA,NA,NA,NA,NA,NA,NA,NA,NA,NA,0,Genus,"The diet of Dipodomys includes seeds, some fruits, leaves, stems, buds, and insects.",,,,,NA,NA,NA,NA,0
68,1325,Stephens Kangaroo Rat,Dipodomys stephensi,0,,Dipodomys_stephensi,HLdipSte1,vs_HLdipSte1,0,1,1,0,1,1,0,0,0,0,0,0,0,Insectivore/herbivore,0,0,NA,NA,0,0,0,1,NA,NA,NA,NA,NA,NA,NA,NA,NA,NA,NA,NA,NA,NA,NA,NA,NA,NA,NA,NA,0,Genus,"The diet of Dipodomys includes seeds, some fruits, leaves, stems, buds, and insects.",,,,,NA,NA,NA,NA,0
69,1670,Patagonian cavy,Dolichotis patagonum,0,,Dolichotis_patagonum,HLdolPat1,vs_HLdolPat1,0,0,0,0,1,0,0,0,0,0,0,0,0,Herbivore,0,0,0,0,0,0,0,1,NA,NA,NA,NA,NA,NA,NA,NA,NA,NA,NA,NA,NA,NA,NA,NA,NA,NA,NA,NA,0,Genus,The diet consists of any available vegetation,,,,,NA,captive,2,0,0
70,198,Tenrec,Echinops telfairi,0,echTel2,Echinops_telfairi,echTel2,,1,1,1,0,1,0,0,0,0,0,0,0,0,Ambiguous,0,NA,NA,NA,0,0,0,1,NA,NA,NA,NA,NA,NA,NA,NA,NA,NA,NA,NA,NA,NA,NA,NA,NA,NA,NA,NA,0,,"forages in trees and on the ground; captives-animal food, insects, mice, chopped meat",,,,,NA,captive,2,0,0
71,260,Straw-colored Fruit Bats,Eidolon helvum,1,,Eidolon_helvum,HLeidHel2,vs_HLeidHel2,0,1,0,0,1,0,1,0,0,0,0,0,0,Herbivore,0,0,0,0,0,0,0,1,NA,NA,NA,NA,NA,NA,NA,NA,NA,NA,NA,NA,NA,NA,NA,NA,NA,NA,NA,NA,0,Genus,"Juices of various fruits are the preferred food, though this bat also feeds on the blossoms and perhaps young shoots of the silk-cotton tree. Eidolon will eat directly into the fruit of the palm Borasssus and has the unusual habit of chewing into soft wood, apparently to obtain moisture",,,no ,ARG,NA,wild,0,0,0
72,1113,Pere David's Deer,Elaphurus davidianus,1,,Elaphurus_davidianus,HLelaDav1,vs_HLelaDav1,0,0,0,0,1,0,0,0,0,0,0,0,0,Herbivore,0,0,0,0,0,0,0,1,NA,NA,NA,NA,NA,NA,NA,NA,NA,NA,NA,NA,NA,NA,NA,NA,NA,NA,NA,NA,0,Species,"Although it supplements its grass diet with water plants in the summer, it is essentially a grazing animal. ",,,,,NA,captive,2,0,0
73,1744,Cape elephant shrew,Elephantulus edwardii,0,eleEdw1,Elephantulus_edwardii,eleEdw1,vs_eleEdw1,0,0,1,0,0,0,0,0,NA,0,0,0,0,Insectivore,0,N/A,NA,1,0,0,0,1,NA,NA,NA,NA,NA,NA,NA,NA,NA,NA,NA,NA,NA,NA,NA,NA,NA,NA,NA,NA,0,Genus,"Insects, ants, and termites, in captivity- fruits and veggies",,,,,NA,wild,0,0,0
74,1485,Transcaucasian mole vole,Ellobius lutescens,0,,Ellobius_lutescens,HLellLut1,vs_HLellLut1,0,0,0,0,1,0,0,0,0,0,0,0,0,Herbivore,0,0,0,0,0,0,0,1,NA,NA,NA,NA,NA,NA,NA,NA,NA,NA,NA,NA,NA,NA,NA,NA,NA,NA,NA,NA,0,Genus,They feed on underground parts of plants; tulip bulbs and pulpy tubers are especially favored. ,,,,,NA,captive,2,0,0
75,1485,Northern Mole Vole,Ellobius talpinus,0,,Ellobius_talpinus,HLellTal1,vs_HLellTal1,0,0,0,0,1,0,0,0,0,0,0,0,0,Herbivore,0,0,0,0,0,0,0,1,NA,NA,NA,NA,NA,NA,NA,NA,NA,NA,NA,NA,NA,NA,NA,NA,NA,NA,NA,NA,0,Genus,They feed on underground parts of plants; tulip bulbs and pulpy tubers are especially favored. ,,,,,NA,captive,2,0,0
76,745,Sea Otter,Enhydra lutris,1,enhLut1,Enhydra_lutris,enhLutNer1,vs_enhLutNer1,0,0,1,0,0,0,0,0,0,0,1,1,0,Piscivore,0,1,1,NA,0.5,NA,NA,NA,NA,NA,NA,NA,NA,NA,NA,NA,NA,NA,NA,NA,NA,NA,NA,NA,NA,NA,NA,NA,0,Species,"The diet consists mainly of slow-moving fish and marine invertebrates, such as sea urchins, abaone, crabs, and mollusks",,,,,NA,wild,0,0,0
77,440,Big brown bat,Eptesicus fuscus,1,eptFus1,Eptesicus_fuscus,eptFus1,vs_eptFus1,0,0,1,0,0,0,0,0,0,0,0,0,0,Insectivore,0,N/A,NA,1,0,0,0,1,NA,NA,NA,NA,NA,NA,NA,NA,NA,NA,NA,NA,NA,NA,NA,NA,NA,NA,NA,NA,0,Genus,The diet of Eptesicus consists of insects,,,,,NA,wild,0,0,1
78,1008,Wild Donkey,Equus asinus,1,equAsi1,Equus_asinus,HLequAsiAsi2,vs_HLequAsiAsi2,0,0,0,0,1,0,0,0,0,0,0,0,0,Herbivore,0,0,0,0,0,0,0,1,NA,NA,NA,NA,NA,NA,NA,NA,NA,NA,NA,NA,NA,NA,NA,NA,NA,NA,NA,NA,0,Genus,"diet to include 22 percent grasses and sedges, 33 percent forbs, and 40 percent browse",,,,,NA,domestic,1,1,0
79,1008,Horse,Equus caballus,1,equCab2,Equus_caballus,equCab3,vs_equCab3,0,0,0,0,1,0,0,0,0,0,0,0,0,Herbivore,0,0,0,0,0,0,0,1,NA,NA,NA,NA,NA,NA,NA,NA,NA,NA,NA,NA,NA,NA,NA,NA,NA,NA,0.65,532,0,Species,"Horses are primarily grazers, taking mainly grasses and low forage plants.",,,,,NA,domestic,1,1,0
80,1008,Przewalskii Horse,Equus przewalskii,1,equPrz1,Equus_przewalskii,equPrz1,vs_equPrz1,0,0,0,0,1,0,0,0,0,0,0,0,0,Herbivore,0,0,0,0,0,0,0,1,NA,NA,NA,NA,NA,NA,NA,NA,NA,NA,NA,NA,NA,NA,NA,NA,NA,NA,NA,NA,0,Species,No specific information on Prewalskii. Wilson and Reeder 1993 regarded caballus and przewalskii as conspecific. Information here is from caballus,,,,,NA,captive,2,0,0
81,174,Hedgehog,Erinaceus europaeus,1,eriEur2,Erinaceus_europaeus,eriEur2,vs_eriEur2,1,1,0,1,0,0,0,1,0,0,0,0,0,Generalist,0,1,NA,NA,0,0,0,1,NA,NA,NA,NA,NA,NA,NA,NA,NA,NA,NA,NA,NA,NA,NA,NA,NA,NA,0.00335,2.5,0,,"Invertebrates, frogs, snakes, lizards, and young birds and mice… nearly anything, including carrion",,,,,NA,NA,NA,NA,0
82,570,Red Guenon,Erythrocebus patas,0,,Erythrocebus_patas,HLeryPat1,vs_HLeryPat1,1,1,1,0,1,1,0,1,1,0,0,0,0,Omnivore,0,1,NA,NA,0,0,0,1,NA,NA,NA,NA,NA,NA,NA,NA,NA,NA,NA,NA,NA,NA,NA,NA,NA,NA,NA,NA,0,Species,"The bulk of the diet consists of grasses, berries, fruits, beans, and seeds, occasionally supplemented by mushrooms, ants, grasshoppers, lizards, and birds' eggs",,,,,NA,captive,2,0,0
83,959,Gray Whale,Eschrichtius robustus,1,,Eschrichtius_robustus,HLescRob1,vs_HLescRob1,0,0,1,1,0,0,0,0,0,0,1,1,0,Carnivore,0,1,NA,NA,1,1,1,0,NA,NA,NA,NA,NA,NA,NA,NA,NA,NA,NA,NA,NA,NA,NA,NA,NA,NA,NA,NA,0,Genus,"The diet consists mainly of gammaridean amphipods (small crustacean). Other crustaceans, certain mollusks, and worms and small fish are also eaten. ",,,,,NA,wild,0,0,0
84,964,North Atlantic Right Whale,Eubalaena japonica,1,,Eubalaena_japonica,HLeubJap1,vs_HLeubJap1,0,0,1,0,0,0,0,0,0,0,1,1,0,Carnivore,0,1,NA,NA,1,1,1,0,NA,NA,NA,NA,NA,NA,NA,NA,NA,NA,NA,NA,NA,NA,NA,NA,NA,NA,NA,NA,0,Genus,"It's diet consists mainly of copepods and also includes euphausiids, pteropods, and small fish",,,,,NA,wild,0,0,0
85,517,Lemur,Eulemur flavifrons,0,,Eulemur_flavifrons,HLeulFla1,vs_HLeulFla1,0,1,0,0,1,0,0,0,0,0,0,0,0,Herbivore,0,0,0,0,0,0,0,1,NA,NA,NA,NA,NA,NA,NA,NA,NA,NA,NA,NA,NA,NA,NA,NA,NA,NA,0.0267,2.25,0,Genus,"The diet of Eulemur consists largely of flowers, fruits, and leaves. E. macaco also is known to eat bark, and E. mongoz feeds extensively on nectar. Captive E. macaco will accept meat. Captives excluded from analysis",,,no,ARG,NA,captive,2,0,0
86,517,Lemur,Eulemur fulvus,0,,Eulemur_fulvus,HLeulFul1,vs_HLeulFul1,0,1,0,0,1,0,0,0,0,0,0,0,0,Herbivore,0,0,0,0,0,0,0,1,NA,NA,NA,NA,NA,NA,NA,NA,NA,NA,NA,NA,NA,NA,NA,NA,NA,NA,NA,NA,0,Genus,"The diet of Eulemur consists largely of flowers, fruits, and leaves. E. macaco also is known to eat bark, and E. mongoz feeds extensively on nectar. Captive E. macaco will accept meat. Captives excluded from analysis",,,no,ARG,NA,captive,2,0,0
87,796,Cat,Felis catus,1,felCat5,Felis_catus,felCat9,vs_felCat9,1,0,0,0,0,0,0,0,0,0,0,0,0,Carnivore,1,1,1,NA,0,0,0,1,NA,NA,NA,NA,NA,NA,NA,NA,NA,NA,NA,NA,NA,NA,NA,NA,NA,NA,0.03,4.08,0,Species,"rabbits, rats, mice, birds, and carrion",,,,,NA,domestic,1,1,0
88,796,Black-footed cat,Felis nigripes,1,,Felis_nigripes,HLfelNig1,vs_HLfelNig1,1,0,0,0,0,0,0,0,0,0,0,0,0,Carnivore,1,1,1,NA,0,0,0,1,NA,NA,NA,NA,NA,NA,NA,NA,NA,NA,NA,NA,NA,NA,NA,NA,NA,NA,NA,NA,0,Species,"The diet probably includes rodents, birds, and reptiles. Individuals have been observed to catch birds and hares and to cache them for later use",,,,,NA,captive,2,0,0
89,1637,Damara mole rat,Fukomys damarensis,0,fukDam1,Fukomys_damarensis,HLfukDam2,vs_HLfukDam2,0,0,1,0,1,0,0,0,0,0,0,0,0,Insectivore/Herbivore,0,0,NA,NA,0,0,0,1,NA,NA,NA,NA,NA,NA,NA,NA,NA,NA,NA,NA,NA,NA,NA,NA,NA,NA,NA,NA,0,Genus,"Listed in Nowak as Cryptomys damarensis, The diet consists mainly of roots, bulbs, tubers, and aloe leaves. Invertebrates such as earthworms, cockchafer larvae, and white ants, are occasionally eaten.",,,,,NA,captive,2,0,0
90,1086,Giraffe,Giraffa tippelskirchi,1,,Giraffa_tippelskirchi,HLgirTip1,vs_HLgirTip1,0,0,0,0,1,0,0,0,0,0,0,0,0,Herbivore,0,0,0,0,0,0,0,1,NA,NA,NA,NA,NA,NA,NA,NA,NA,NA,NA,NA,NA,NA,NA,NA,NA,NA,0.68,1900,0,Species,"Subspecies of G. camelopardalis. Info from G. camelopardalis. Giraffe is a browser, feeding largely on the leaves from acacia, mimosa, and wild apricot trees. ",,,,,NA,wild,0,0,0
91,1629,Fat dormouse,Glis glis,0,,Glis_glis,HLgliGli1,vs_HLgliGli1,1,1,1,0,0,1,0,0,0,0,0,0,0,Omnivore,0,1,NA,NA,0,0,0,1,NA,NA,NA,NA,NA,NA,NA,NA,NA,NA,NA,NA,NA,NA,NA,NA,NA,NA,NA,NA,0,Species,"Also called Myoxus glis; diet consists mainly of seeds, nuts, acorns, berries, and soft fruits. Insects may be important at certain times and small birds are taken on rare occasions.",,,,,NA,wild,0,0,0
92,618,Gorilla,Gorilla gorilla,0,gorGor3,Gorilla_gorilla,gorGor6,vs_gorGor6,0,1,1,0,1,1,0,0,0,0,0,0,0,Herbivore,0,0,0,NA,0,0,0,1,NA,NA,NA,NA,NA,NA,NA,NA,NA,NA,NA,NA,33.5,NA,NA,NA,11.9,NA,0.207,406,0,,"Diet consists of leaves, shoots and stems, wood, roots, flowers, fruits, and grubs. Insects are often eaten inadvertently while feeding on plants. Gorillas known to break open termite nests to feed. Gorillas are known to eat meat exclusively in captivity. Not incuded as carnivore as not observed in wild. ","The nutritional composition of the diet included CP (mean =
11.9% + 2.9, n = 11 months), TNC (33.5% + 8.8, n = 11 months), Based on average monthly feeding time (for n = 106 food items),
the WG diet was composed of 35% fruit (±26 SD, 11 months), 30%
herb (±18 SD, 11 months), 24% leaf (±22 SD, 11 months), 6% termite
(±9 SD, 11 months), and 5% other food items (±11 SD, 11 months).",Jessica L. Lodwick et al. Research Article Wiley 2019 ,yes - FD ONLY,ARG,NA,captive,2,0,0
93,1626,African dormouse,Graphiurus murinus,0,,Graphiurus_murinus,HLgraMur1,vs_HLgraMur1,1,1,1,0,0,1,0,1,0,0,0,0,0,Omnivore,0,1,NA,NA,0,0,0,1,NA,NA,NA,NA,NA,NA,NA,NA,NA,NA,NA,NA,NA,NA,NA,NA,NA,NA,NA,NA,0,Genus,"The diet includes grains, seeds, nuts, fruits, insects, eggs, and small vertebrates",,,,,NA,captive,2,0,0
94,777,Dwarf Mongoose,Helogale parvula,1,,Helogale_parvula,HLhelPar1,vs_HLhelPar1,1,1,1,0,0,0,0,1,0,0,0,0,0,Omnivore,0,1,NA,NA,0,0,0,1,NA,NA,NA,NA,NA,NA,NA,NA,NA,NA,NA,NA,NA,NA,NA,NA,NA,NA,NA,NA,0,Species,"The diet consists mainly of insects and also includes small vertebrates, eggs, and fruits",,,,,NA,captive,2,0,0
95,1219,Tahr,Hemitragus hylocrius,1,,Hemitragus_hylocrius,HLhemHyl1,vs_HLhemHyl1,0,1,0,0,1,1,0,0,0,0,0,0,0,Herbivore,0,0,0,0,0,0,0,1,NA,NA,NA,NA,NA,NA,NA,NA,NA,NA,NA,NA,NA,NA,NA,NA,NA,NA,NA,NA,0,Genus,"Eats a variety of vegetation but seems to prefer such parts as seeds, fruits, and new growth",,,no,ARG,NA,NA,NA,NA,0
96,1642,Naked mole-rat,Heterocephalus glaber,0,hetGla2,Heterocephalus_glaber,hetGla2,vs_hetGla2,0,0,0,0,0,0,0,0,0,0,0,0,0,Herbivore,0,0,0,0,0,0,0,1,NA,NA,NA,NA,NA,NA,NA,NA,NA,NA,NA,NA,NA,NA,NA,NA,NA,NA,0.392,23.3,0,Species,"tubers, roots, and corms",,,,,NA,captive,2,0,0
97,333,Old World Leaf-nosed Bats,Hipposideros armiger,1,hipArm1,Hipposideros_armiger,HLhipArm1,vs_HLhipArm1,0,0,1,0,0,0,0,0,0,0,0,0,0,Insectivore,0,N/A,NA,1,0,0,0,1,NA,NA,NA,NA,NA,NA,NA,NA,NA,NA,NA,NA,NA,NA,NA,NA,NA,NA,NA,NA,0,Genus,"These bats fly lower than most bats and catch insects such as beetles, termites, and cockroaches, cicadas apparently are an important food source for some species",,,,,NA,wild,0,0,1
98,NA,Old World Leaf-nosed Bats,Hipposideros galeritus,1,,Hipposideros_galeritus,HLhipGal1,vs_HLhipGal1,0,0,1,0,0,0,0,0,0,0,0,0,0,Insectivore,0,N/A,NA,1,0,0,0,1,NA,NA,NA,NA,NA,NA,NA,NA,NA,NA,NA,NA,NA,NA,NA,NA,NA,NA,NA,NA,0,Genus,"These bats fly lower than most bats and catch insects such as beetles, termites, and cockroaches, cicadas apparently are an important food source for some species",,,,,NA,wild,0,0,1
99,626,Human,Homo sapiens,0,hg38,Homo_sapiens,REFERENCE,REFERENCE,1,1,1,1,1,1,0,0,0,0,0,0,0,Generalist,0,1,NA,NA,0,0,0,1,NA,NA,NA,NA,NA,NA,NA,NA,NA,NA,NA,NA,NA,NA,NA,NA,NA,NA,1.35,62,1,Species,"Humans are generalist feeders. The diet is ill-described in NOWAK, but humans around the world eat just about everything ",,,,,NA,domestic,1,1,0
100,790,Striped hyaena,Hyaena hyaena,1,,Hyaena_hyaena,HLhyaHya1,vs_HLhyaHya1,1,1,1,0,0,0,0,0,0,0,0,0,0,Carnivore,1,1,1,NA,0,0,0,1,NA,NA,NA,NA,NA,NA,NA,NA,NA,NA,NA,NA,NA,NA,NA,NA,NA,NA,NA,NA,0,Species,"The diet varies by season and area but seems to consist mainly of mammalian carrion. The larger, more northerly subspecies prey on sheep, goats, donkeys, and horses. Other important foods are small vertebrates, insects, and fruits. ",,,,,NA,captive,2,0,0
101,1672,Capybara,Hydrochoerus hydrochaeris,0,,Hydrochoerus_hydrochaeris,HLhydHyd1,vs_HLhydHyd1,0,1,0,0,1,1,0,0,0,0,0,0,0,Herbivore,0,0,0,0,0,0,0,1,NA,NA,NA,NA,NA,NA,NA,NA,NA,NA,NA,NA,NA,NA,NA,NA,NA,NA,NA,NA,0,Species,"The diet consists mainly of grasses, and the capybara is sometimes seen grazing with cattle. It also eats aquatic plants, grains, melons, and squashes. ",,,,,NA,wild,0,0,0
102,1645,Porcupine,Hystrix cristata,0,,Hystrix_cristata,HLhysCri1,vs_HLhysCri1,1,1,1,0,1,1,0,0,0,0,0,0,0,Omnivore,0,1,NA,NA,0,0,0,1,NA,NA,NA,NA,NA,NA,NA,NA,NA,NA,NA,NA,NA,NA,NA,NA,NA,NA,NA,NA,0,Genus,"The diet of Hystrix includes bark, roots, tubers, rhizomes, bulbs, fallen fruits, and cultivated crops. Insects and small vertebrates are occasionally taken. Carrion feeding has been reported but is not common. ",,,,,NA,captive,2,0,0
103,1254,Ground Squirrel ,Ictidomys tridecemlineatus,0,,Ictidomys_tridecemlineatus,speTri2,vs_speTri2,1,0,1,1,1,1,0,1,1,0,0,0,0,Omnivore,0,1,NA,NA,0,0,0,1,NA,NA,NA,NA,NA,NA,NA,NA,NA,NA,NA,NA,NA,NA,NA,NA,NA,NA,NA,NA,0,Genus,"Diet consists of seeds, nuts, grains, roots, bulbs, mushrooms, green vegetation, insects, and small invertebrates; occasionally small vertebrates and birds' eggs",,,,,NA,captive,2,0,0
104,524,Indri,Indri indri,0,,Indri_indri,HLindInd1,vs_HLindInd1,0,1,0,0,1,0,0,0,0,0,0,0,0,Herbivore,0,0,0,0,0,0,0,1,NA,NA,NA,NA,NA,NA,NA,NA,NA,NA,NA,NA,NA,NA,NA,NA,NA,NA,0.03606,6.5,0,Species,"The diet consists of leaves, flowers, and fruits",,,no,ARG,NA,wild,0,0,0
105,904,Amazon Dolphin,Inia geoffrensis,1,,Inia_geoffrensis,HLlniGeo1,vs_HLlniGeo1,0,0,0,0,0,0,0,0,0,0,0,1,0,Piscivore,0,1,1,NA,1,1,1,0,NA,NA,NA,NA,NA,NA,NA,NA,NA,NA,NA,NA,NA,NA,NA,NA,NA,NA,NA,NA,0,Species,"The diet consists of fish, usually less than 30 cm long",,,,,NA,wild,0,0,1
106,1339,Lesser Egyptian jerboa,Jaculus jaculus,0,jacJac1,Jaculus_jaculus,jacJac1,vs_jacJac1,0,0,0,0,1,1,0,0,0,0,0,0,0,Herbivore,0,0,0,0,0,0,0,1,NA,NA,NA,NA,NA,NA,NA,NA,NA,NA,NA,NA,NA,NA,NA,NA,NA,NA,NA,NA,0,Genus,"Diet consists includes roots, sprouts, seeds, grains, and vegetables",,,,,NA,captive,2,0,0
107,953,Dwarf Sperm Whales,Kogia breviceps,1,,Kogia_breviceps,HLkogBre1,vs_HLkogBre1,0,0,1,0,0,0,0,0,0,0,1,1,0,Carnivore,0,1,NA,NA,1,1,1,0,NA,NA,NA,NA,NA,NA,NA,NA,NA,NA,NA,NA,NA,NA,NA,NA,NA,NA,NA,NA,0,Genus,"The diet includes mostly cephalopods, but also a variety of fish and some crustaceans. Analysis of the diet by Ross (1984) showed that 93 percent of the cephalopods consumed by immature K. simus as well as by calves and accompanying females, consisted of species that dwell over the continental shelf. Included in Carn and fish because NOAA lists fish as part of diet with cephalopods. https://www.fisheries.noaa.gov/species/dwarf-sperm-whale",,,,,NA,wild,0,0,1
108,450,Hairy-taled Bats,Lasiurus borealis,1,,Lasiurus_borealis,HLlasBor1,vs_HLlasBor1,0,0,1,0,0,0,0,0,0,0,0,0,0,Insectivore,0,N/A,NA,1,0,0,0,1,NA,NA,NA,NA,NA,NA,NA,NA,NA,NA,NA,NA,NA,NA,NA,NA,NA,NA,NA,NA,0,Genus,"Most insects are captured in flight, but L. borealis will alight on vegetation to pic off insects. ",,,,,NA,wild,0,0,1
109,513,Ring-tailed Lemur,Lemur catta,0,,Lemur_catta,HLlemCat1,vs_HLlemCat1,0,1,1,0,1,0,0,0,0,0,0,0,0,Insectivore/Herbivore,0,0,NA,NA,0,0,0,1,NA,NA,NA,NA,NA,NA,NA,NA,NA,NA,NA,NA,NA,NA,NA,NA,NA,NA,NA,NA,0,Species,"The diet includes mostly fruits, some leaves and other plant parts, and only rarely insects",,,,,NA,captive,2,0,0
110,874,Weddell seal,Leptonychotes weddellii,1,lepWed1,Leptonychotes_weddellii,lepWed1,vs_lepWed1,0,0,1,0,0,0,0,0,0,0,1,1,0,Piscivore,0,1,1,NA,0.5,NA,1,0,NA,NA,NA,NA,NA,NA,NA,NA,NA,NA,NA,NA,NA,NA,NA,NA,NA,NA,NA,NA,0,Species,"The diet consists of mostly of fish, both sluggish bottom dwellers and active midwater species. Cepahlopods and crustaceans also are eaten. ",,,,,NA,wild,0,0,0
111,1733,Hare,Lepus americanus,0,,Lepus_americanus,HLlepAme1,vs_HLlepAme1,1,0,0,0,1,0,0,0,0,0,0,0,0,Omnivore,0,1,NA,NA,0,0,0,1,NA,NA,NA,NA,NA,NA,NA,NA,NA,NA,NA,NA,NA,NA,NA,NA,NA,NA,NA,NA,0,Genus,"The feed mainly on grasses and herbaceous matter when they are available. At other times, they take buds, twigs, and bark. In isolated cases hares are reported to have captured and eaten voles and young lagomorphs. L. articus is reportedly fond of meat. ",,,,,NA,NA,NA,NA,0
112,902,Chinese River Dolphin,Lipotes vexillifer,1,lipVex1,Lipotes_vexillifer,lipVex1,vs_lipVex1,0,0,0,0,0,0,0,0,0,0,0,1,0,Piscivore,0,1,1,NA,1,1,1,0,NA,NA,NA,NA,NA,NA,NA,NA,NA,NA,NA,NA,NA,NA,NA,NA,NA,NA,NA,NA,0,Species,"The diet consists of fish, and the stomach of the type specimen contained 1.9 liters of an eel-like catfish. ",,,,,NA,NA,NA,NA,1
113,998,Elephant,Loxodonta africana,0,loxAfr3,Loxodonta_africana,HLloxAfr4,vs_HLloxAfr4,0,1,0,0,1,0,0,0,0,0,0,0,0,Herbivore,0,0,0,0,0,0,0,1,NA,NA,NA,NA,NA,NA,NA,NA,NA,NA,NA,NA,19.6,8.5,2.9,1.6,10.2,5.2,4.783,3500,0,Species,"Grass, tree foliage, bark, twigs, herbs, shrubs, roots, and fruit","Total diet formulations were run for summer and winter months todetermine dietary nutrient highs or lows and to compare nutrientsbetween the two seasons assumed to have the highest and lowestnutrient concentrations respectively (Tables 10,11).",Jordan Wood et al. Research Article Zoo Biology Wiley 2019 ,YES - FD ONLY ,ARG,NA,wild,0,0,0
114,676,African Hunting Dog ,Lycaon pictus,1,lycPic1,Lycaon_pictus,HLlycPic3,vs_HLlycPic3,1,0,0,0,0,0,0,0,0,0,0,0,0,Carnivore,1,1,1,NA,0,0,0,1,NA,NA,NA,NA,NA,NA,NA,NA,NA,NA,NA,NA,NA,NA,NA,NA,NA,NA,NA,NA,0,Species ,"Groups of Lycaon generally cooperate in hunting large mammals, but individuals sometimes pursue hares, rodents, or other small animals. ",,,,,NA,wild,0,0,0
115,580,Crab-eating macaque,Macaca fascicularis,0,macFas5,Macaca_fascicularis,HLmacFas6,vs_HLmacFas6,1,1,1,1,1,1,0,1,0,0,1,1,0,Omnivore,0,1,NA,NA,0,0,0,1,NA,NA,NA,NA,NA,NA,NA,NA,NA,NA,NA,NA,NA,NA,NA,NA,NA,NA,NA,NA,0,Species,"largely vegetarian, feeding on wild and cultivated fruits, berries, grains, leaves, buds, seeds, flowers, and bark. All species, however, eat insects and other small invertebrates when they are available and occasionally take eggs and small vertebrates, also eats crabs, crustaceans, shellfish",,,,,NA,captive,2,0,0
116,580,Rhesus Macaca,Macaca mulatta,0,rheMac3,Macaca_mulatta,rheMac10,vs_rheMac10,1,1,1,1,1,1,0,0,0,0,0,0,0,Omnivore,0,1,NA,NA,0,0,0,1,NA,NA,NA,NA,NA,NA,NA,NA,NA,NA,NA,NA,NA,NA,NA,NA,NA,NA,NA,NA,0,Genus,"largely vegetarian, feeding on wild and cultivated fruits, berries, grains, leaves, buds, seeds, flowers, and bark. All species, however, eat insects and other small invertebrates when they are available and occasionally take eggs and small vertebrates",,,,,NA,wild,0,0,0
117,580,Southern Pig-tailed Macaca,Macaca nemestrina,0,macNem1,Macaca_nemestrina,macNem1,vs_macNem1,1,1,1,1,1,1,0,0,0,0,0,0,0,Omnivore,0,1,NA,NA,0,0,0,1,NA,NA,NA,NA,NA,NA,NA,NA,NA,NA,NA,NA,NA,NA,NA,NA,NA,NA,NA,NA,0,Genus,"largely vegetarian, feeding on wild and cultivated fruits, berries, grains, leaves, buds, seeds, flowers, and bark. All species, however, eat insects and other small invertebrates when they are available and occasionally take eggs and small vertebrates",,,,,NA,captive,2,0,0
118,301,Long-tongued Fruit Bats,Macroglossus sobrinus,1,,Macroglossus_sobrinus,HLmacSob1,vs_HLmacSob1,0,1,0,0,0,0,1,0,0,0,0,0,0,Herbivore,0,0,0,0,0,0,0,1,NA,NA,NA,NA,NA,NA,NA,NA,NA,NA,NA,NA,NA,NA,NA,NA,NA,NA,NA,NA,0,Genus,"Macrogluss seems to prefer the pollen and nectar of a variety of plants, especially wild and cultivated bananas, coconuts, and mangroves; the juices of soft fruits are also taken",,,,,NA,wild,0,0,0
119,118,Wallaby,Macropus eugenii,0,macEug2,,,,0,0,0,0,1,0,0,0,0,0,0,0,0,Herbivore,0,0,0,0,0,0,0,1,NA,NA,NA,NA,NA,NA,NA,NA,NA,NA,NA,NA,NA,NA,NA,NA,NA,NA,NA,NA,0,,"grazers, grass",,,no ,ARG,NA,NA,NA,NA,0
120,591,Drill,Mandrillus leucophaeus,0,manLeu1,Mandrillus_leucophaeus,manLeu1,vs_manLeu1,1,1,0,1,1,1,0,0,1,0,0,0,0,Omnivore,0,1,NA,NA,0,0,0,1,NA,NA,NA,NA,NA,NA,NA,NA,NA,NA,NA,NA,NA,NA,NA,NA,NA,NA,NA,NA,0,Species,"Both M. sphinx and M. leucophaeus feed mainly on the ground, searching for fruits, nuts, other plant material, mushrooms, invertebrates, and occasionally small vertebrates. ",,,,,NA,NA,NA,NA,0
121,1239,Sunda pangolin,Manis javanica,1,manJav1,Manis_javanica,HLmanJav2,vs_HLmanJav2,0,0,1,0,0,0,0,0,0,0,0,0,0,Insectivore,0,N/A,NA,1,0,0,0,1,NA,NA,NA,NA,NA,NA,NA,NA,NA,NA,NA,NA,NA,NA,NA,NA,NA,NA,NA,NA,0,Genus,Diet consists mainly of ants and termites,,,,,NA,wild,0,0,0
122,1239,Chinese pangolin,Manis pentadactyla,1,manPen1,Manis_pentadactyla,HLmanPen2,vs_HLmanPen2,0,0,1,0,0,0,0,0,0,0,0,0,0,Insectivore,0,N/A,NA,1,0,0,0,1,NA,NA,NA,NA,NA,NA,NA,NA,NA,NA,NA,NA,NA,NA,NA,NA,NA,NA,NA,NA,0,Genus,Diet consists mainly of ants and termites,,,,,NA,NA,NA,NA,0
123,1251,Marmot,Marmota marmota,0,marMar1,Marmota_marmota,HLmarMar1,vs_HLmarMar1,0,1,1,0,1,1,0,0,0,0,0,0,0,Insectivore/herbivore,0,0,NA,NA,0,0,0,1,NA,NA,NA,NA,NA,NA,NA,NA,NA,NA,NA,NA,NA,NA,NA,NA,NA,NA,0.017,2,0,Genus,"The diet of Marmota consists largely of green vegetation, especially grasses and forbs, but also includes fruits, grains, legumes, and occasionally insects",,,,,NA,wild,0,0,0
124,326,Asian False Vampire Bats,Megaderma lyra,1,,Megaderma_lyra,HLmegLyr2,vs_HLmegLyr2,1,0,1,0,0,0,0,0,0,0,0,0,0,Carnivore,1,1,1,NA,0,0,0,1,NA,NA,NA,NA,NA,NA,NA,NA,NA,NA,NA,NA,NA,NA,NA,NA,NA,NA,NA,NA,0,Species,"M. lyra is carnivorous, feeding on insects, spiders, and small vertebrates such as other bats, rodents, birds, frogs, and fish. ",,,,,NA,wild,0,0,1
125,NA,European badger,Meles meles,NA,,,,,NA,NA,NA,NA,NA,NA,NA,NA,NA,NA,NA,NA,NA,,NA,,NA,NA,NA,NA,NA,NA,NA,NA,NA,NA,NA,NA,NA,NA,NA,NA,NA,NA,23,3.5,33,2.2,43,2.5,NA,NA,NA,,,"Mean values (± standard error, SE) for the data we re-viewed (Table 1) were: 43 ± 2.5% protein‐energy, 33 ± 2.2% lipid‐energy, and 23 ± 3.5% carbohydrate‐energy (Fig. 2).",BALESTRIERI et al. Mammal Review 2019,YES,ARG,NA,NA,NA,NA,0
126,727,Honey Badger,Mellivora capensis,1,,Mellivora_capensis,HLmelCap1,vs_HLmelCap1,1,0,1,0,1,0,0,0,0,0,0,0,0,Omnivore,0,1,NA,NA,0,0,0,1,NA,NA,NA,NA,NA,NA,NA,NA,NA,NA,NA,NA,NA,NA,NA,NA,NA,NA,NA,NA,0,Species,"The diet includes small mammals, the young of large mammals, birds, reptiles, arthropods, carrion, and vegetation",,Saroj Panthi et al. Science National 2015  ,,,NA,wild,0,0,0
127,1455,Jird,Meriones unguiculatus,0,merUng1,Meriones_unguiculatus,HLmerUng1,vs_HLmerUng1,0,1,1,0,1,1,0,0,0,0,0,0,0,Herbivore,0,0,0,NA,0,0,0,1,NA,NA,NA,NA,NA,NA,NA,NA,NA,NA,NA,NA,NA,NA,NA,NA,NA,NA,NA,NA,0,Genus,"The diet of Meriones consists of green vegetation, roots, bulbs, seeds, cereals, fruits, and insects. M. libycus stores as much as 10 kg of seeds in the northern part of its range",,,,,NA,captive,2,0,0
128,1423,Golden hamster,Mesocricetus auratus,0,mesAur1,Mesocricetus_auratus,mesAur1,vs_mesAur1,1,1,0,0,1,1,0,0,0,0,0,0,0,Omnivore,0,1,NA,NA,0,0,0,1,NA,NA,NA,NA,NA,NA,NA,NA,NA,NA,NA,NA,NA,NA,NA,NA,NA,NA,NA,NA,0,Genus,"eating many kinds of green vegetation, seeds, fruits, and meat",,,,,NA,captive,2,0,0
129,951,Beaked Whale,Mesoplodon bidens,1,,Mesoplodon_bidens,HLmesBid1,vs_HLmesBid1,0,0,0,0,0,0,0,0,0,0,1,1,0,Piscivore,0,1,1,NA,1,1,1,0,NA,NA,NA,NA,NA,NA,NA,NA,NA,NA,NA,NA,NA,NA,NA,NA,NA,NA,NA,NA,0,Genus,"The diet includes squid, other cephalopods, and fish- NOWAK; From recent article from WHOI doi: 10.7755/FB.111.4.7: We describe the food hab- its of the Sowerby’s beaked whale (Mesoplodon bidens) from observa- tions of 10 individuals taken as bycatch in the pelagic drift gillnet fishery for Swordfish (Xiphias gla- dius) in the western North Atlan- tic and 1 stranded individual from Kennebunk, Maine. The stomachs of 8 bycaught whales were intact and contained prey. The diet of these 8 whales was dominated by meso- and benthopelagic fishes that composed 98.5% of the prey items found in their stomachs and cepha- lopods that accounted for only 1.5% of the number of prey. ",,,,,NA,wild,0,0,1
130,505,Mouse Lemur,Microcebus murinus,0,micMur3,Microcebus_murinus,micMur3,vs_micMur3,1,1,1,0,1,0,1,0,0,0,0,0,0,Omnivore,0,1,NA,NA,0,0,0,1,NA,NA,NA,NA,NA,NA,NA,NA,NA,NA,NA,NA,NA,NA,NA,NA,NA,NA,1.69,8,0,Genus,"The diet consists of insects, spiders, occasionally small frogs and lizards, a large amount of fruit, flowers, nectar, some gums and insect secretions and leaves.",,,,,NA,captive,2,0,0
131,358,Little Big-eared Bats,Micronycteris hirsuta,1,,Micronycteris_hirsuta,HLmicHir1,vs_HLmicHir1,0,1,1,0,0,0,0,0,0,0,0,0,0,Insectivore,0,0,NA,1,0,0,0,1,NA,NA,NA,NA,NA,NA,NA,NA,NA,NA,NA,NA,NA,NA,NA,NA,NA,NA,NA,NA,0,Genus,"Micronycteris is primarily insectivorous but that variety of fruits are also consumed, their importance probably varying seasonally",,,,,NA,wild,0,0,1
132,1470,Prairie vole,Microtus ochrogaster,0,micOch1,Microtus_ochrogaster,micOch1,vs_micOch1,0,0,0,0,1,1,0,0,0,0,0,0,0,Herbivore,0,0,0,0,0,0,0,1,NA,NA,NA,NA,NA,NA,NA,NA,NA,NA,NA,NA,NA,NA,NA,NA,NA,NA,NA,NA,0,Genus,"Strictly vegetarian and may consume grasses, leaves, twigs, bulbs, tubers, seeds, nuts, or other plant matter",,,,,NA,captive,2,0,0
133,461,Long-winged bats,Miniopterus natalensis,1,minNat1,Miniopterus_natalensis,HLminNat1,vs_HLminNat1,0,0,1,0,0,0,0,0,0,0,0,0,0,Insectivore,0,N/A,NA,1,0,0,0,1,NA,NA,NA,NA,NA,NA,NA,NA,NA,NA,NA,NA,NA,NA,NA,NA,NA,NA,NA,NA,0,Genus,They feed on small bettles and other insects. ,,,,,NA,wild,0,0,1
134,461,Long-winged bats,Miniopterus schreibersii,1,,Miniopterus_schreibersii,HLminSch1,vs_HLminSch1,0,0,1,0,0,0,0,0,0,0,0,0,0,Insectivore,0,N/A,NA,1,0,0,0,1,NA,NA,NA,NA,NA,NA,NA,NA,NA,NA,NA,NA,NA,NA,NA,NA,NA,NA,NA,NA,0,Genus,They feed on small bettles and other insects. ,,,,,NA,wild,0,0,1
135,877,Elephant Seal,Mirounga angustirostris,1,,Mirounga_angustirostris,HLmirAng2,vs_HLmirAng2,0,0,0,0,0,0,0,0,0,0,1,1,0,Piscivore,0,1,1,NA,0.5,NA,1,0,NA,NA,NA,NA,NA,NA,NA,NA,NA,NA,NA,NA,NA,NA,NA,NA,NA,NA,NA,NA,0,Species,"The diet consists mostly of deepwater and bottom-dwelling organisms, particularly squid and elasmobranch and teleost fish. [Studies] also suggest that M. angustirostris feeds mostly in the deep scattering layer of the mesopelagic zone and preys on organisms that migrate vertically upward at night. ",,,,,NA,wild,0,0,0
136,507,Coquerel's Dwarf Lemur,Mirza coquereli,0,,Mirza_coquereli,HLmirCoq1,vs_HLmirCoq1,1,1,1,0,0,0,1,1,0,0,0,0,0,Omnivore,0,1,NA,NA,0,0,0,1,NA,NA,NA,NA,NA,NA,NA,NA,NA,NA,NA,NA,NA,NA,NA,NA,NA,NA,NA,NA,0,Species,"During the wet season it has a varied diet consisting of fruits, flowers, gums, insects, spiders, frogs, lizards, small birds, and eggs. In the dry season it feeds largely on a sweet liquid secreted into branches by the larvae of the homopteran insect family and also eats the insects themselves. ",,,,,NA,captive,2,0,0
137,25,Opossum,Monodelphis domestica,0,monDom5,,,,1,1,1,0,0,1,0,0,0,0,0,0,0,Omnivore,0,1,NA,NA,0,0,0,1,NA,NA,NA,NA,NA,NA,NA,NA,NA,NA,NA,NA,NA,NA,NA,NA,NA,NA,0.03,2.6,0,,"small rodents, insects, carrion, seeds, and fruits",,,,,NA,NA,NA,NA,0
138,909,Narwal,Monodon monoceros,1,,Monodon_monoceros,HLmonMon2,vs_HLmonMon2,0,0,1,0,0,0,0,0,0,0,1,1,0,Piscivore,0,1,1,NA,1,1,1,0,NA,NA,NA,NA,NA,NA,NA,NA,NA,NA,NA,NA,NA,NA,NA,NA,NA,NA,NA,NA,0,Species,"The diet consists of fish, cephalopods, and crustaceans",,,,,NA,wild,0,0,1
139,346,Leaf-chinned Bats,Mormoops blainvillei,1,,Mormoops_blainvillei,HLmorBla1,vs_HLmorBla1,0,0,1,0,0,0,0,0,0,0,0,0,0,Insectivore,0,N/A,NA,1,0,0,0,1,NA,NA,NA,NA,NA,NA,NA,NA,NA,NA,NA,NA,NA,NA,NA,NA,NA,NA,NA,NA,0,Genus,It searches for insects over land and water,,,,,NA,wild,0,0,1
140,1089,Musk Deer,Moschus moschiferus,1,,Moschus_moschiferus,HLmosMos1,vs_HLmosMos1,0,0,0,0,1,0,0,0,0,1,0,0,0,Herbivore,0,0,0,0,0,0,0,1,NA,NA,NA,NA,NA,NA,NA,NA,NA,NA,NA,NA,NA,NA,NA,NA,NA,NA,NA,NA,0,Genus,"The diet consists of a variety of vegetation, such as grass, moss, and tender shoots. In winter, twigs, buds, and lichens are taken.",,,,,NA,captive,2,0,0
141,774,Banded mongoose,Mungos mungo,1,,Mungos_mungo,HLmunMug1,vs_HLmunMug1,1,0,1,1,0,0,0,1,0,0,0,0,0,Insectivore/Carnivore,0,1,NA,1,0,0,0,1,NA,NA,NA,NA,NA,NA,NA,NA,NA,NA,NA,NA,NA,NA,NA,NA,NA,NA,NA,NA,0,Species,"The diet consists largely of invertebrates, especially beetles and millipedes, and also small vertebrates. To break an egg and obtain the contents, M. mungo grasps the item with its forefeet....",,,,,NA,wild,0,0,0
142,463,Tube-nosed Insectivorous Bats,Murina feae,1,,Murina_feae,HLmurAurFea1,vs_HLmurAurFea1,0,0,1,0,0,0,0,0,0,0,0,0,0,Insectivore,0,N/A,NA,1,0,0,0,1,NA,NA,NA,NA,NA,NA,NA,NA,NA,NA,NA,NA,NA,NA,NA,NA,NA,NA,NA,NA,0,Genus ,"Only diet info is the label ""Insectivorous"" in group name",,,,,NA,wild,0,0,1
143,1604,Ryukyu mouse,Mus caroli,0,musCar1,Mus_caroli,HLmusCar1,vs_HLmusCar1,1,1,1,0,1,1,0,0,0,0,0,0,0,Generalist,0,1,NA,NA,0,0,0,1,NA,NA,NA,NA,NA,NA,NA,NA,NA,NA,NA,NA,NA,NA,NA,NA,NA,NA,NA,NA,0,Genus,"vegetable matter, like seeds, fleshy roots, leaves, and stems, insects and some meat may be taken when available. Paste, glue, soap and other household materials, grain",,,,,NA,captive,2,0,0
144,1604,Common mouse,Mus musculus,0,mm10,Mus_musculus,mm39,vs_mm39,1,1,1,0,1,1,0,0,0,0,0,0,0,Generalist,0,1,NA,NA,0,0,0,1,NA,NA,NA,NA,NA,NA,NA,NA,NA,NA,NA,NA,NA,NA,NA,NA,NA,NA,0.000402,0.0404,0,Genus,"vegetable matter, like seeds, fleshy roots, leaves, and stems, insects and some meat may be taken when available. Paste, glue, soap and other household materials, grain",,,,,NA,wild,0,0,0
145,1604,Gairdner's shrewmouse,Mus pahari,0,musPah1,Mus_pahari,HLmusPah1,vs_HLmusPah1,1,1,1,0,1,1,0,0,0,0,0,0,0,Generalist,0,1,NA,NA,0,0,0,1,NA,NA,NA,NA,NA,NA,NA,NA,NA,NA,NA,NA,NA,NA,NA,NA,NA,NA,NA,NA,0,Genus,"vegetable matter, like seeds, fleshy roots, leaves, and stems, insects and some meat may be taken when available. Paste, glue, soap and other household materials, grain",,,,,NA,captive,2,0,0
146,1604,Algerian mouse,Mus spretus,0,,Mus_spretus,HLmusSpr1,vs_HLmusSpr1,1,1,1,0,1,1,0,0,0,0,0,0,0,Generalist,0,1,NA,NA,0,0,0,1,NA,NA,NA,NA,NA,NA,NA,NA,NA,NA,NA,NA,NA,NA,NA,NA,NA,NA,NA,NA,0,Genus,"vegetable matter, like seeds, fleshy roots, leaves, and stems, insects and some meat may be taken when available. Paste, glue, soap and other household materials, grain",,,,,NA,captive,2,0,0
147,1628,Common dormouse,Muscardinus avellanarius,0,,Muscardinus_avellanarius,HLmusAve1,vs_HLmusAve1,1,1,1,0,0,1,0,1,0,0,0,0,0,Omnivore,0,1,NA,NA,0,0,0,1,NA,NA,NA,NA,NA,NA,NA,NA,NA,NA,NA,NA,NA,NA,NA,NA,NA,NA,NA,NA,0,Species,"the common dormouse appears to be associated with nut-bearing trees, and hazelnuts are known to be an important part of its diet. Muscardinus is able to gnaw a hole in fresh nuts, thereby getting the seed out in little pieces. Its diet also includes other seeds, buds, berries, insects, and possibly birds eggs and nestlings. ",,,,,NA,wild,0,0,0
148,705,Ferret,Mustela putorius,1,musFur1,Mustela_putorius,HLmusFur2,vs_HLmusFur2,1,0,0,0,0,0,0,0,0,0,0,0,0,Carnivore,1,1,1,NA,0,0,0,1,NA,NA,NA,NA,NA,NA,NA,NA,NA,NA,NA,NA,NA,NA,NA,NA,NA,NA,NA,NA,0,Species,"small mammals, birds, frogs, fish, and invertebrates, domesticated European polecat",,,,,NA,domestic,1,1,0
149,1712,Nutria,Myocastor coypus,0,,Myocastor_coypus,HLmyoCoy1,vs_HLmyoCoy1,0,0,0,0,1,0,0,0,0,0,0,0,0,Herbivore,0,0,0,0,0.5,NA,NA,NA,NA,NA,NA,NA,NA,NA,NA,NA,NA,NA,NA,NA,NA,NA,NA,NA,NA,NA,NA,NA,0,Species,Roots are the most important food. Much time is spent swimming and browsing on aquatic plants. The diet is strictly vegetarian. ,,,,,NA,wild,0,0,0
150,418,Brandt's bat,Myotis brandtii,1,myoBra1,Myotis_brandtii,myoBra1,vs_myoBra1,0,0,1,0,0,0,0,0,0,0,0,0,0,Insectivore ,0,N/A,NA,1,0,0,0,1,NA,NA,NA,NA,NA,NA,NA,NA,NA,NA,NA,NA,NA,NA,NA,NA,NA,NA,NA,NA,1,Genus,"The diet of Myotis usually consists predominantly of insects. My. daubentoni feeds on Lepidoptera, Diptera, and Hemiptera. There is some evidence that it also captures small fish at the water's surface. M. vivesi definitely catches fish and small aquatic crustaceans. Several other species, including M. hasseltii and M. macrotarsa may also catch fish. Recently, Robson showed that fish are eaten by M. adversa. ",,,,,NA,wild,0,0,1
151,418,David's myotis bat,Myotis davidii,1,myoDav1,Myotis_davidii,myoDav1,vs_myoDav1,0,0,1,0,0,0,0,0,0,0,0,0,0,Insectivore ,0,N/A,NA,1,0,0,0,1,NA,NA,NA,NA,NA,NA,NA,NA,NA,NA,NA,NA,NA,NA,NA,NA,NA,NA,NA,NA,1,Genus,"The diet of Myotis usually consists predominantly of insects. My. daubentoni feeds on Lepidoptera, Diptera, and Hemiptera. There is some evidence that it also captures small fish at the water's surface. M. vivesi definitely catches fish and small aquatic crustaceans. Several other species, including M. hasseltii and M. macrotarsa may also catch fish. Recently, Robson showed that fish are eaten by M. adversa. ",,,,,NA,wild,0,0,1
152,418,Microbat,Myotis lucifugus,1,myoLuc2,Myotis_lucifugus,HLmyoLuc1,vs_HLmyoLuc1,0,0,1,0,0,0,0,0,0,0,0,0,0,Insectivore ,0,N/A,NA,1,0,0,0,1,NA,NA,NA,NA,NA,NA,NA,NA,NA,NA,NA,NA,NA,NA,NA,NA,NA,NA,NA,NA,1,Genus,"The diet of Myotis usually consists predominantly of insects. My. daubentoni feeds on Lepidoptera, Diptera, and Hemiptera. There is some evidence that it also captures small fish at the water's surface. M. vivesi definitely catches fish and small aquatic crustaceans. Several other species, including M. hasseltii and M. macrotarsa may also catch fish. Recently, Robson showed that fish are eaten by M. adversa. ",,,,,NA,wild,0,0,1
153,418,Greater mouse-eared bat,Myotis myotis,1,,Myotis_myotis,HLmyoMyo6,vs_HLmyoMyo6,0,0,1,0,0,0,0,0,0,0,0,0,0,Insectivore ,0,N/A,NA,1,0,0,0,1,NA,NA,NA,NA,NA,NA,NA,NA,NA,NA,NA,NA,NA,NA,NA,NA,NA,NA,NA,NA,1,Genus,"The diet of Myotis usually consists predominantly of insects. My. daubentoni feeds on Lepidoptera, Diptera, and Hemiptera. There is some evidence that it also captures small fish at the water's surface. M. vivesi definitely catches fish and small aquatic crustaceans. Several other species, including M. hasseltii and M. macrotarsa may also catch fish. Recently, Robson showed that fish are eaten by M. adversa. ",,,,,NA,wild,0,0,1
154,1427,Mediterranean Blind Mole-rats,Nannospalax galili,0,nanGal1,Nannospalax_galili,nanGal1,vs_nanGal1,0,0,0,0,1,1,0,0,0,0,0,0,0,Herbivore,0,0,0,0,0,0,0,1,NA,NA,NA,NA,NA,NA,NA,NA,NA,NA,NA,NA,NA,NA,NA,NA,NA,NA,NA,NA,0,Genus,"The diet consists of roots, tubers, acorns, plant stems, and other vegetation that can be obtained at or below ground level. ",,,,,NA,wild,0,0,0
155,595,Proboscis Monkey,Nasalis larvatus,0,nasLar1,Nasalis_larvatus,nasLar1,vs_nasLar1,0,1,0,0,1,1,0,0,0,0,0,0,0,Herbivore,0,0,0,0,0,0,0,1,NA,NA,NA,NA,NA,NA,NA,NA,NA,NA,NA,NA,NA,NA,NA,NA,NA,NA,NA,NA,0,Species,"Kern found that 95 percent of the diet consisted of leaves, pedada leaves being favored. Fruits and flowers were also eaten... seed-eating was a specialization",,,,,NA,captive,2,0,0
156,869,Hawaiian Monk Seal,Neomonachus schauinslandi,1,neoSch1,Neomonachus_schauinslandi,neoSch1,vs_neoSch1,0,0,1,0,0,0,0,0,0,0,1,1,0,Piscivore,0,1,1,NA,0.5,NA,1,0,NA,NA,NA,NA,NA,NA,NA,NA,NA,NA,NA,NA,NA,NA,NA,NA,NA,NA,NA,NA,0,Species,"The diet consists primarily of reef- or floor-dwelling species of eels, other fish, cephalopods, and crustaceans",,,,,NA,wild,0,0,0
157,913,Finless Porpoise,Neophocaena asiaeorientalis,1,,Neophocaena_asiaeorientalis,HLneoAsi1,vs_HLneoAsi1,0,0,1,0,0,0,0,0,0,0,1,1,0,Piscivore,0,1,1,NA,1,1,1,0,NA,NA,NA,NA,NA,NA,NA,NA,NA,NA,NA,NA,NA,NA,NA,NA,NA,NA,NA,NA,0,Species,"It's diet includes fish, shrimp, and small squid",,,,,NA,wild,0,0,1
158,347,Fisherman Bats,Noctilio leporinus,1,,Noctilio_leporinus,HLnocLep1,vs_HLnocLep1,0,0,1,0,0,0,0,0,0,0,0,1,0,Insectivore/Piscivore,0,1,1,NA,0,0,0,1,NA,NA,NA,NA,NA,NA,NA,NA,NA,NA,NA,NA,NA,NA,NA,NA,NA,NA,NA,NA,0,Species,"Noctilio takes a variety of prey and is one of only three genera of bats now known to catch and eat fish.....N. leporius fishes over the sea, at the edge of the surf, in large rivers, and in freshwater ponts.Presumably the batch catches small fish disturbed by the pelicans. N. leporinus catches small, surface-swimming fish. There has been controversy over the relative importance of insects and fish in the diet of N. leporinus. By collecting and analyzing guano and discarded material beneath roosts over a nine-month period, Brooke (1994) determined that insects, mostly moths and beetles, predominated in the diet during the wet season. In the dry season pelagic and freshwater fish represented a greater proportion of the diet than did insects. Small quantities of crabs, scorpions, shrimp, and terrestrial insects also were taken. ",,,,,NA,wild,0,0,1
159,608,Gibbon,Nomascus leucogenys,0,nomLeu3,Nomascus_leucogenys,HLnomLeu4,vs_HLnomLeu4,0,1,1,0,1,0,0,0,0,0,0,0,0,Herbivore,0,0,0,NA,0,0,0,1,NA,NA,NA,NA,NA,NA,NA,NA,NA,NA,NA,NA,NA,NA,NA,NA,NA,NA,NA,NA,1,Genus,"No specific information on leucogenys. Info on syndactylus, another species of gibbons: About 50 percent of diet consists of leaves, 40 percent is fruits, and remainder is flowers, buds, and insects. Goes on to state that some other species pehaps eat small vertebrates and eggs, omitted  because of ambiguity",struggled to find an article for gibbon nutritional geometry ,,no,ARG,NA,wild,0,0,0
160,497,Slow Loris,Nycticebus coucang,0,,Nycticebus_coucang,HLnycCou1,vs_HLnycCou1,1,1,1,0,0,0,0,0,0,0,1,0,0,Omnivore,0,1,NA,NA,0,0,0,1,NA,NA,NA,NA,NA,NA,NA,NA,NA,NA,NA,NA,NA,NA,NA,NA,NA,NA,NA,NA,0,Genus,"The diet consists of large mollusks and insects, lizards, birds, small mammals, and fruits",,,,,NA,wild,0,0,0
161,1717,Pika,Ochotona princeps,0,ochPri3,Ochotona_princeps,ochPri3,vs_ochPri3,0,0,0,0,1,0,0,0,0,0,0,0,0,Herbivore,0,0,0,0,0,0,0,1,NA,NA,NA,NA,NA,NA,NA,NA,NA,NA,NA,NA,NA,NA,NA,NA,NA,NA,NA,NA,0,Genus,"vegetable matter, grasses sedges, weeds, large flowering and woody plants, twigs",,,,,NA,wild,0,0,0
162,1681,Brush-tailed rat,Octodon degus,0,octDeg1,Octodon_degus,octDeg1,vs_octDeg1,0,1,0,0,1,1,0,0,0,0,0,0,0,Herbivore,0,0,0,0,0,0,0,1,NA,NA,NA,NA,NA,NA,NA,NA,NA,NA,NA,NA,NA,NA,NA,NA,NA,NA,NA,NA,0,Genus,"Grass, leaves, bark, herbs, seeds, and fruits. During dry season, fresh droppings of cattle and horses",,,,,NA,captive,2,0,0
163,862,Pacific walrus,Odobenus rosmarus,1,odoRosDi,Odobenus_rosmarus,HLodoRos1,vs_HLodoRos1,0,0,1,0,0,0,0,0,0,0,1,1,0,Piscivore,0,1,1,NA,0.5,NA,1,0.5,NA,NA,NA,NA,NA,NA,NA,NA,NA,NA,NA,NA,NA,NA,NA,NA,NA,NA,NA,NA,0,Species,The diet consists mostly of fish and also includes cephalopods and crustaceans,,,,,NA,wild,0,0,0
164,1114,White-tailed Deer,Odocoileus virginianus,1,odoVir1,Odocoileus_virginianus,HLodoVir3,vs_HLodoVir3,0,0,0,0,1,0,0,0,1,1,0,0,0,Herbivore,0,0,0,0,0,0,0,1,NA,NA,NA,NA,NA,NA,NA,NA,NA,NA,NA,NA,NA,NA,NA,NA,NA,NA,NA,NA,0,Genus,"The diet includes grass, weeds, shrubs, twigs, mushrooms, nuts, and lichens. Both species browse for part of the year. ",,,,,NA,wild,0,0,0
165,1085,Okapia,Okapia johnstoni,1,,Okapia_johnstoni,HLokaJoh2,vs_HLokaJoh2,0,1,0,0,1,1,0,0,0,0,0,0,0,Herbivore,0,0,0,0,0,0,0,1,NA,NA,NA,NA,NA,NA,NA,NA,NA,NA,NA,NA,NA,NA,NA,NA,NA,NA,NA,NA,0,Species,"It is a browser, feeding on the leaves and other parts of many plants and probably also taking fruits and seeds. Kingdon noted theat the prehensile tongue is used to pluck leaves, buds, and even small branches. ",,,,,NA,captive,2,0,0
166,1477,Muskrat,Ondatra zibethicus,0,,Ondatra_zibethicus,HLondZib1,vs_HLondZib1,1,0,0,0,1,0,0,0,0,0,0,0,0,Omnivore,0,1,NA,NA,0,0,0,1,NA,NA,NA,NA,NA,NA,NA,NA,NA,NA,NA,NA,NA,NA,NA,NA,NA,NA,NA,NA,0,Species,The most important foods are cattails and busrushes in North America and the water lily in europe. The muskrat also takes many other kinds of vegetation and a substantial amount of animal matter. ,,,,,NA,wild,0,0,0
167,1357,Southern grasshopper mouse,Onychomys torridus,0,,Onychomys_torridus,HLonyTor1,vs_HLonyTor1,1,0,1,0,1,0,0,0,0,0,0,0,0,Omnivore,0,1,NA,NA,0,0,0,1,NA,NA,NA,NA,NA,NA,NA,NA,NA,NA,NA,NA,NA,NA,NA,NA,NA,NA,NA,NA,0,Genus,"Although plant material is eaten at times, grasshopper mice are largely carnivorous. The diet includes grasshoppers, beetles, and a variety of other insects. Also eats small vertebrates, including such rodents.",,,,,NA,wild,0,0,0
168,942,Killer whale,Orcinus orca,1,orcOrc1,Orcinus_orca,orcOrc1,vs_orcOrc1,0,0,0,0,0,0,0,0,0,0,1,1,1,Carnivore/Piscivore,1,1,1,NA,1,1,1,0,NA,NA,NA,NA,NA,NA,NA,NA,NA,NA,NA,NA,NA,NA,NA,NA,NA,NA,NA,NA,0,Species,"Marine vertebrates; fish, cephalopods, cetaceans, pinnipeds",,,,,NA,wild,0,0,1
169,13,Platypus,Ornithorhynchus anatinus,0,ornAna1,,,,1,0,1,1,0,0,0,0,0,0,1,1,0,Insectivore/Carnivore,0,1,NA,NA,0.5,NA,NA,NA,NA,NA,NA,NA,NA,NA,NA,NA,NA,NA,NA,NA,NA,NA,NA,NA,NA,NA,0.009,1.5,0,,"crayfish, shrimp, larvae of water insects, snails, tadpoles, worms, and small fish",,,,,NA,NA,NA,NA,0
170,1048,Aardvark,Orycteropus afer afer,0,oryAfe1,Orycteropus_afer,oryAfe1,,0,0,1,0,0,0,0,0,0,0,0,0,0,Insectivore,0,N/A,NA,1,0,0,0,1,NA,NA,NA,NA,NA,NA,NA,NA,NA,NA,NA,NA,NA,NA,NA,NA,NA,NA,0.072,65,0,Species,"ants, termites",,,,,NA,NA,NA,NA,0
171,1729,Rabbit,Oryctolagus cuniculus,0,oryCun2,Oryctolagus_cuniculus,HLoryCunCun4,vs_HLoryCunCun4,0,0,0,0,1,0,0,0,0,0,0,0,0,Herbivore,0,0,0,0,0,0,0,1,NA,NA,NA,NA,NA,NA,NA,NA,NA,NA,NA,NA,NA,NA,NA,NA,NA,NA,0.012,2,0,Species,Grasses and other herbaceous plants are preferred food the bark and twigs of woody plants are eaten when herbs are not available,,,,,NA,wild,0,0,0
172,502,Bushbaby,Otolemur garnettii,0,otoGar3,Otolemur_garnettii,otoGar3,vs_otoGar3,0,1,1,0,0,0,1,0,0,0,0,0,0,Herbivore,0,0,0,0,0,0,0,1,NA,NA,NA,NA,NA,NA,NA,NA,NA,NA,NA,NA,NA,NA,NA,NA,NA,NA,NA,NA,0,Genus,"Diet consists of gums, fruits, insects; 62% of diet of the year consists of gums",,,no,ARG,NA,captive,2,0,0
173,1231,Domestic sheep,Ovis aries,1,oviAri3,Ovis_aries,HLoviAri5,vs_HLoviAri5,0,0,0,0,1,0,0,0,0,0,0,0,0,Herbivore,0,0,0,0,0,0,0,1,NA,NA,NA,NA,NA,NA,NA,NA,NA,NA,NA,NA,NA,NA,NA,NA,NA,NA,0.0555,175,0,Genus,"Grasses, sedges, forbs, and some browsing",,,,,NA,domestic,1,1,0
174,1231,Bighorn sheep,Ovis canadensis,1,oviCan1,Ovis_canadensis,HLoviCan1,vs_HLoviCan1,0,0,0,0,1,0,0,0,0,0,0,0,0,Herbivore,0,0,0,0,0,0,0,1,NA,NA,NA,NA,NA,NA,NA,NA,NA,NA,NA,NA,NA,NA,NA,NA,NA,NA,NA,NA,0,Genus,"Grasses, sedges, forbs, and some browsing",,,,,NA,NA,NA,NA,0
175,622,Bonobo,Pan paniscus,0,panPan2,Pan_paniscus,panPan3,vs_panPan3,1,1,0,1,1,1,0,0,0,0,0,0,0,Omnivore,0,1,NA,NA,0,0,0,1,NA,NA,NA,NA,NA,NA,NA,NA,NA,NA,NA,NA,NA,NA,NA,NA,NA,NA,NA,NA,0,Species,"The natural diet consists mostly of fruits and also includes leaves, seeds, and rarely invertebrates and small vertebrates",,,,,NA,wild,0,0,0
176,622,Chimp,Pan troglodytes,0,panTro4,Pan_troglodytes,panTro6,vs_panTro6,1,1,1,0,1,1,1,1,0,0,0,0,0,Omnivore,0,1,NA,NA,0,0,0,1,NA,NA,NA,NA,NA,NA,NA,NA,NA,NA,NA,NA,NA,NA,NA,NA,NA,NA,0.42,440,0,Species,"Diet consists of fruits, leaves, blossoms, seeds, stems, bark, resin, honey, insects, eggs, and meat, carnivory is demonstrated occasionally, tools open termite mounds",,,,,NA,captive,2,0,0
177,821,Jaguar,Panthera onca,1,,Panthera_onca,HLpanOnc2,vs_HLpanOnc2,1,0,0,0,0,0,0,0,0,0,0,1,0,Carnivore,1,1,1,NA,0,0,0,1,NA,NA,NA,NA,NA,NA,NA,NA,NA,NA,NA,NA,NA,NA,NA,NA,NA,NA,NA,NA,0,Species,"The most important foods are peccaries and capybaras. Tapirs, crcodilians, and fish are also taken. ",,,,,NA,captive,2,0,0
178,821,Leopard,Panthera pardus,1,panPar1,Panthera_pardus,HLpanPar1,vs_HLpanPar1,1,0,1,0,0,0,0,0,0,0,0,0,0,Carnivore,1,1,1,NA,0,0,0,1,NA,NA,NA,NA,NA,NA,NA,NA,NA,NA,NA,NA,NA,NA,NA,NA,NA,NA,NA,NA,0,Species,"The diet is varied but seems to consist mainly of whatever small or medium-sized ungulates are available, such as gazelles,impalas, wildebeests, deer, wild goats, pigs and domestic livestock. Monkeys and baboons are also commonly taken. If necessary, the leaopard can switch to such prey as rodents, rabbits, birds, and even arthropods. ",,,,,NA,captive,2,0,0
179,821,Tiger,Panthera tigris,1,panTig1,Panthera_tigris,panTig1,vs_panTig1,1,0,0,0,0,0,0,0,0,0,0,0,0,Carnivore,1,1,1,NA,0,0,0,1,NA,NA,NA,NA,NA,NA,NA,NA,NA,NA,NA,NA,NA,NA,NA,NA,NA,NA,0.2635,220,0,Species,"The diet consists mainly of large mammals, such as pigs, deer, antelopes, buffalo, and gaur. Smaller mammals and birds occasionally are taken. ",,,,,NA,captive,2,0,0
180,1205,Tibetan antelope,Pantholops hodgsonii,1,panHod1,Pantholops_hodgsonii,panHod1,vs_panHod1,0,0,0,0,1,0,0,0,0,0,0,0,0,Herbivore,0,0,0,0,0,0,0,1,NA,NA,NA,NA,NA,NA,NA,NA,NA,NA,NA,NA,NA,NA,NA,NA,NA,NA,NA,NA,0,Species,Grazer,,,,,NA,wild,0,0,0
181,588,Olive Baboon,Papio anubis,0,papAnu3,Papio_anubis,HLpapAnu5,vs_HLpapAnu5,1,1,1,0,1,1,0,1,0,0,1,1,0,Generalist,0,1,NA,NA,0,0,0,1,NA,NA,NA,NA,NA,NA,NA,NA,NA,NA,NA,NA,NA,NA,NA,NA,NA,NA,NA,NA,0,Genus,"All five species are omnivorous, taking a variety of vegetable matter but will eat what is easily accessible at the times. During the dry season in Kenya, grass may make up to 90% of the diet. On the coast of South Africa, mollusks, crabs, and other marine creatures are regularly eaten.... small vertebrates (hares) and digging out fossorial mammals... found that when there were massive outbreaks of grasshoppers or scale insects P. ursinus ignored other sources. Similar diet to humans, humans are generalists",,,,,NA,captive,2,0,0
182,588,Hamadryas Baboon,Papio hamadryas,0,papHam1,,,,1,1,1,0,1,1,0,1,0,0,1,1,0,Generalist,0,1,NA,NA,0,0,0,1,NA,NA,NA,NA,NA,NA,NA,NA,NA,NA,NA,NA,NA,NA,NA,NA,NA,NA,NA,NA,0,Genus,"All five species are omnivorous, taking a variety of vegetable matter but will eat what is easily accessible at the times. During the dry season in Kenya, grass may make up to 90% of the diet. On the coast of South Africa, mollusks, crabs, and other marine creatures are regularly eaten.... small vertebrates (hares) and digging out fossorial mammals... found that when there were massive outbreaks of grasshoppers or scale insects P. ursinus ignored other sources. Similar diet to humans, humans are generalists",,,,,NA,NA,NA,NA,0
183,758,Palm Civet,Paradoxurus hermaphroditus,1,,Paradoxurus_hermaphroditus,HLparHer1,vs_HLparHer1,1,1,1,0,0,1,0,0,0,0,0,0,0,Omnivore,0,1,NA,NA,0,0,0,1,NA,NA,NA,NA,NA,NA,NA,NA,NA,NA,NA,NA,NA,NA,NA,NA,NA,NA,NA,NA,0,Genus,"They eat small vertebrates, insects, fruits, and seeds",,,,,NA,wild,0,0,0
184,1322,Silky Pocket Mouse,Perognathus longimembris,0,,Perognathus_longimembris,HLperLonPac1,vs_HLperLonPac1,0,0,1,0,1,1,0,0,0,0,0,0,0,Insectivore/herbivore,0,0,NA,NA,0,0,0,1,NA,NA,NA,NA,NA,NA,NA,NA,NA,NA,NA,NA,NA,NA,NA,NA,NA,NA,NA,NA,0,Genus,"The diet of Perognathus consists largely of seeds of various kinds of plants, which are often harvested and stored in the burrows. Green vegetation and animal matter, such as insects, are also consumed. ",,,,,NA,NA,NA,NA,0
185,1360,Deer mouse,Peromyscus maniculatus,0,,Peromyscus_maniculatus,HLperManBai2,vs_HLperManBai2,1,1,1,1,0,1,0,0,0,0,0,0,0,Omnivore,0,1,NA,NA,0,0,0,1,NA,NA,NA,NA,NA,NA,NA,NA,NA,NA,NA,NA,NA,NA,NA,NA,NA,NA,NA,NA,0,Genus,"The diet includes seeds, nuts, berries, fruits, insects, and other small invertebrates and carrion. One study of P. gossypinus indicated that 68 percent of its diet consisted of animal matter. According to Banfield, P. maniculatus is primarily a seed eater.",,,,,NA,NA,NA,NA,0
186,1649,Dassie rat,Petromus typicus,0,,Petromus_typicus,HLpetTyp1,vs_HLpetTyp1,0,1,0,0,1,1,0,0,0,0,0,0,0,Herbivore,0,0,0,0,0,0,0,1,NA,NA,NA,NA,NA,NA,NA,NA,NA,NA,NA,NA,NA,NA,NA,NA,NA,NA,NA,NA,0,Species,"The dassie rat seeks food on the ground or in bushes. It is a vegetarian, eating a variety of green plant material, seeds, and berries. ",,,,,NA,wild,0,0,0
187,911,Common Porpoise,Phocoena phocoena,1,,Phocoena_phocoena,HLphoPho2,vs_HLphoPho2,0,0,0,0,0,0,0,0,0,0,0,1,0,Piscivore,0,1,1,NA,1,1,1,0,NA,NA,NA,NA,NA,NA,NA,NA,NA,NA,NA,NA,NA,NA,NA,NA,NA,NA,NA,NA,0,Genus,"It's diet consists mainly of smooth, nonspiny fish about 10-25 cm long",,,,,NA,wild,0,0,1
188,606,Red Colobus Monkey,Piliocolobus tephrosceles,0,pilTep1,Piliocolobus_tephrosceles,HLpilTep2,vs_HLpilTep2,0,1,0,0,1,1,0,0,0,0,0,0,0,Herbivore,0,0,0,0,0,0,0,1,NA,NA,NA,NA,NA,NA,NA,NA,NA,NA,NA,NA,NA,NA,NA,NA,NA,NA,NA,NA,0,Genus,The diet consists principally of leaves and also includes some fruits and seeds,,,,,NA,wild,0,0,0
189,425,Pipistrelles,Pipistrellus pipistrellus,1,,Pipistrellus_pipistrellus,HLpipPip2,vs_HLpipPip2,0,0,1,0,0,0,0,0,0,0,0,0,0,Insectivore,0,N/A,NA,1,0,0,0,1,NA,NA,NA,NA,NA,NA,NA,NA,NA,NA,NA,NA,NA,NA,NA,NA,NA,NA,NA,NA,0,Genus,The diet of Pipistrellus consists of small insects caught in flight,,,,,NA,wild,0,0,1
190,545,Saki,Pithecia pithecia,0,,Pithecia_pithecia,HLpitPit1,vs_HLpitPit1,1,1,0,0,1,0,0,0,0,0,0,0,0,Omnivore,0,1,NA,NA,0,0,0,1,NA,NA,NA,NA,NA,NA,NA,NA,NA,NA,NA,NA,NA,NA,NA,NA,NA,NA,NA,NA,0,Genus,"The diet consists of berries and other fruits, honey, leaves, flowers, small mammals such as mice and bats, and small birds. ",,,,,NA,wild,0,0,0
191,900,Ganges Dolphin,Platanista gangetica,1,,Platanista_gangetica,,vs_HLplaMin1,0,0,1,0,0,0,0,0,0,0,0,1,0,Piscivore,0,1,1,NA,1,1,1,0,NA,NA,NA,NA,NA,NA,NA,NA,NA,NA,NA,NA,NA,NA,NA,NA,NA,NA,NA,NA,0,Genus,"To find food, Platanista probably uses echolocation and also probes with its sensitive snout for fish, shrimp, and other organisms in the bottom mud.",,,,,NA,NA,NA,NA,1
192,615,Orangutan,Pongo abelii,0,ponAbe2,Pongo_abelii,ponAbe3,vs_ponAbe3,1,1,1,0,1,1,0,1,0,0,0,0,0,Omnivore,0,1,NA,NA,0,0,0,1,NA,NA,NA,NA,NA,NA,NA,NA,NA,NA,NA,NA,NA,NA,NA,NA,NA,NA,0.37,50,0,,"diet is largely frugivorous and seems to include a high proportion of wild figs. Other kinds of vegetation, as well as mineral-rich soil, insects and small vertebrates and birds eggs",,,,,NA,captive,2,0,0
193,1043,Hydrax,Procavia capensis,0,,Procavia_capensis,HLproCap3,vs_HLproCap3,0,0,0,0,1,0,0,0,0,0,0,0,0,Herbivore,0,0,0,0,0,0,0,1,NA,NA,NA,NA,NA,NA,NA,NA,NA,NA,NA,NA,NA,NA,NA,NA,NA,NA,NA,NA,NA,Species,"The diet includes a great variety of grasses, shrubs, and forbs",,,,,NA,wild,0,0,0
194,526,Sifakas,Propithecus coquereli,0,proCoq1,Propithecus_coquereli,proCoq1,vs_proCoq1,0,1,0,0,1,0,0,0,0,0,0,0,0,Herbivore,0,0,0,0,0,0,0,1,NA,NA,NA,NA,NA,NA,NA,NA,NA,NA,NA,NA,NA,NA,NA,NA,NA,NA,NA,NA,0,Genus,"The diet consists mainly of leaves, flowers, bark, and fruits. ",,,,,NA,captive,2,0,0
195,1458,Fat sand rat,Psammomys obesus,0,,Psammomys_obesus,HLpsaObe1,vs_HLpsaObe1,0,0,0,0,1,1,0,0,0,0,0,0,0,Herbivore,0,0,0,0,0,0,0,1,NA,NA,NA,NA,NA,NA,NA,NA,NA,NA,NA,NA,NA,NA,NA,NA,NA,NA,NA,NA,0,Genus,Studies in the Sahara Desert have shown that the preferred food of fat sand rats is the leaves and stems of succulent plants of the family Chenopodiacae...Psammomys also feeds on other kinds of plants and reportedly can be very destructive to grain. ,,,,,NA,captive,2,0,0
196,344,Mustache Bat,Pteronotus parnellii,1,,Pteronotus_parnellii,ptePar1,vs_ptePar1,0,0,1,0,0,0,0,0,0,0,0,0,0,Insectivore,0,N/A,NA,1,0,0,0,1,NA,NA,NA,NA,NA,NA,NA,NA,NA,NA,NA,NA,NA,NA,NA,NA,NA,NA,NA,NA,0,Genus,Diet is thought to consist mostly of lepidoptera and coleoptera,,,,,NA,wild,0,0,1
197,742,Giant Otter,Pteronura brasiliensis,1,,Pteronura_brasiliensis,HLpteBra2,vs_HLpteBra2,0,0,1,0,0,0,0,0,0,0,0,1,0,Piscivore,0,1,1,NA,0.5,NA,NA,NA,NA,NA,NA,NA,NA,NA,NA,NA,NA,NA,NA,NA,NA,NA,NA,NA,NA,NA,NA,NA,0,Species,The diet mainly consists of fish and crabs,,,,,NA,wild,0,0,0
198,264,Black flying-fox,Pteropus alecto,1,pteAle1,Pteropus_alecto,pteAle1,vs_pteAle1,0,1,0,0,0,0,0,0,0,0,0,0,0,Herbivore,0,0,0,0,0,0,0,1,NA,NA,NA,NA,NA,NA,NA,NA,NA,NA,NA,NA,NA,NA,NA,NA,NA,NA,NA,NA,0,Genus,"Fruit juices, eucalyptus, pollen, sea water",,,no,ARG,NA,wild,0,0,0
199,264,Megabat,Pteropus vampyrus,1,pteVam1,Pteropus_vampyrus,HLpteVam2,vs_HLpteVam2,0,1,0,0,0,0,0,0,0,0,0,0,0,Herbivore,0,0,0,0,0,0,0,1,NA,NA,NA,NA,NA,NA,NA,NA,NA,NA,NA,NA,NA,NA,NA,NA,NA,NA,NA,NA,0,Genus,"Fruit juices, eucalyptus, pollen, sea water",,,no,ARG,NA,wild,0,0,0
200,794,Puma,Puma concolor,1,,Puma_concolor,HLpumCon1,vs_HLpumCon1,1,0,0,0,0,0,0,0,0,0,0,0,0,Carnivore,1,1,1,NA,0,0,0,1,NA,NA,NA,NA,NA,NA,NA,NA,NA,NA,NA,NA,NA,NA,NA,NA,NA,NA,NA,NA,0,Species,"Most important food is deer. The diet also includes other ungulates, beavers, porcupines, and hares. the most common prey of the current population in Florida is wild hog. ",,,,,NA,wild,0,0,0
201,597,Douc Langur,Pygathrix nemaeus,0,,Pygathrix_nemaeus,HLpygNem1,vs_HLpygNem1,0,1,0,0,1,0,0,0,0,0,0,0,0,Herbivore,0,0,0,0,0,0,0,1,NA,NA,NA,NA,NA,NA,NA,NA,NA,NA,NA,NA,NA,NA,NA,NA,NA,NA,NA,NA,0,Species,It eats a wide variety of leaves and certain abundant fruits. ,,,,,NA,captive,2,0,0
202,1128,Reindeer,Rangifer tarandus,1,,Rangifer_tarandus,HLranTar1,vs_HLranTar1,0,0,0,0,1,0,0,0,0,1,0,0,0,Herbivore,0,0,0,0,0,0,0,1,NA,NA,NA,NA,NA,NA,NA,NA,NA,NA,NA,NA,NA,NA,NA,NA,NA,NA,NA,NA,0,Species,"The diet of Rangifer comprises a wide variety of plants, including new growth in the spring, green leaves of decideous shrubs in the summer, lichens, and evergreen leaves in the autumn and fine twigs and greens dug throught the snow in the winter",,,no,ARG,NA,NA,NA,NA,0
203,1517,Rat,Rattus norvegicus,0,rn5,Rattus_norvegicus,HLratNor7,vs_HLratNor7,1,1,1,1,1,1,0,1,0,0,0,1,0,Generalist,0,1,NA,NA,0,0,0,1,NA,NA,NA,NA,NA,NA,NA,NA,NA,NA,NA,NA,NA,NA,NA,NA,NA,NA,0.002,0.04,0,Species,"Rats are omnivorous, eating a wide variety of plant and animal matter. Seeds, grains, nuts, vegetables, and fruits may be preferred by most species, but insects and other invertebrates sometimes predominate in the diet. .... Grzimek noted that R. norvegicus seems to prefer animal matter, including birds and eggs, and is excellent at catching fish. This species also feeds on mice, poultry, and young lambs and pigs; it may attack larger animals, even humans. ",,,,,NA,wild,0,0,0
204,328,Horseshoe Bats,Rhinolophus sinicus,1,rhiSin1,Rhinolophus_sinicus,HLrhiSin1,vs_HLrhiSin1,0,0,1,0,0,0,0,0,0,0,0,0,0,Insectivore,0,N/A,NA,1,0,0,0,1,NA,NA,NA,NA,NA,NA,NA,NA,NA,NA,NA,NA,NA,NA,NA,NA,NA,NA,NA,NA,1,Genus,These bats begin feeding on insects and spiders later in the evening than most bats and often return to the roost to eat their catch. ,,,,,NA,wild,0,0,1
205,597,Snub-nosed Langur ,Rhinopithecus bieti,0,rhiBie1,Rhinopithecus_bieti,rhiBie1,vs_rhiBie1,0,1,0,0,1,0,0,0,0,1,0,0,0,Herbivore,0,0,0,0,0,0,0,1,NA,NA,NA,NA,NA,NA,NA,NA,NA,NA,NA,NA,NA,NA,NA,NA,NA,NA,NA,NA,0,Genus,"The diet seems to consist largely of leaves, grass, lichens, bamboo shoots, buds, and fruits",,,"see below for information, yes ",ARG,NA,wild,0,0,0
206,597,Snub-nosed Langur ,Rhinopithecus roxellana,0,rhiRox1,Rhinopithecus_roxellana,HLrhiRox2,vs_HLrhiRox2,0,1,0,0,1,0,0,0,0,1,0,0,0,Herbivore,0,0,0,0,0,0,0,1,NA,NA,NA,NA,NA,NA,NA,NA,NA,NA,NA,NA,34.377,NA,40.454,NA,4.161,NA,NA,NA,0,Genus,"The diet seems to consist largely of leaves, grass, lichens, bamboo shoots, buds, and fruits","There were seasonal differences in daily intakes of dry mat-
ter (H=12.672, df=3, p=0.005), daily energy intake (DEI)

(H=10.319, p=0.016), and all measured dietary constitu-
ents, except protein (Table 1).",Rong Hou et al. Ecography Research 2020 ,yes- FD ONLY ,ARG,NA,captive,2,0,0
207,261,Rousette Fruit Bats,Rousettus aegyptiacus,1,rouAeg1,Rousettus_aegyptiacus,HLrouAeg4,vs_HLrouAeg4,0,1,0,0,0,0,1,0,0,0,0,0,0,Herbivore,0,0,0,0,0,0,0,1,NA,NA,NA,NA,NA,NA,NA,NA,NA,NA,NA,NA,NA,NA,NA,NA,NA,NA,NA,NA,0,Genus,The diet consists of fruit juices and flower nectar. ,,,no ,ARG,NA,wild,0,0,0
208,560,Long-tusked Tamarins,Saguinus imperator,0,,Saguinus_imperator,HLsagImp1,vs_HLsagImp1,1,1,1,0,1,0,1,1,0,0,0,0,0,Omnivore,0,1,NA,NA,0,0,0,1,NA,NA,NA,NA,NA,NA,NA,NA,NA,NA,NA,NA,NA,NA,NA,NA,NA,NA,NA,NA,1,Genus,"Garber also reported that the primary components of the diet of Saguinus now are known to be insects, ripe fruits, plant exudates, and nectar. Other foods include some tender vegetation, spiders, small vertebrates, and probably birds' eggs. ",,,,,NA,captive,2,0,0
209,1206,Saiga,Saiga tatarica,1,,Saiga_tatarica,HLsaiTat1,vs_HLsaiTat1,0,0,0,0,1,0,0,0,0,0,0,0,0,Herbivore,0,0,0,0,0,0,0,1,NA,NA,NA,NA,NA,NA,NA,NA,NA,NA,NA,NA,NA,NA,NA,NA,NA,NA,NA,NA,0,Species,The diet consists mainly of grass and also includes various herbs and shrubs. ,,,no,ARG,NA,NA,NA,NA,0
210,555,Squirrel monkey,Saimiri boliviensis,0,saiBol1,Saimiri_boliviensis,HLsaiBol1,vs_HLsaiBol1,1,1,1,0,1,1,1,0,0,0,0,0,0,Omnivore,0,1,NA,NA,0,0,0,1,NA,NA,NA,NA,NA,NA,NA,NA,NA,NA,NA,NA,NA,NA,NA,NA,NA,NA,NA,NA,0,,"Diet consists of fruits, berries, nuts, flowers, buds, seeds leaves, gums, insects, arachnids, and small vertebrates",,,,,NA,captive,2,0,0
211,64,Tasmanian devil,Sarcophilus harrisii,0,sarHar1,,,,1,0,0,0,1,0,0,0,0,0,0,0,0,Omnivore,0,1,NA,NA,0,0,0,1,NA,NA,NA,NA,NA,NA,NA,NA,NA,NA,NA,NA,NA,NA,NA,NA,NA,NA,NA,NA,0,,"snakes, plant material, wallabies, wombats, sheep, and rabbits, carrion",,,,,NA,NA,NA,NA,0
212,240,Eastern American Mole,Scalopus aquaticus,1,,Scalopus_aquaticus,HLscaAqu1,vs_HLscaAqu1,0,0,1,1,1,0,0,0,0,0,0,0,0,Insectivore/Herbivore,0,0,NA,NA,0,0,0,1,NA,NA,NA,NA,NA,NA,NA,NA,NA,NA,NA,NA,NA,NA,NA,NA,NA,NA,NA,NA,0,Species,The diet of Scalopus consists mostly of earthworms but also includes insects and their larvae and some vegetable matter,,,,,NA,wild,0,0,0
213,600,Hanuman Langur,Semnopithecus entellus,0,,Semnopithecus_entellus,HLsemEnt1,vs_HLsemEnt1,0,1,0,0,1,0,0,0,0,0,0,0,0,Herbivore,0,0,0,0,0,0,0,1,NA,NA,NA,NA,NA,NA,NA,NA,NA,NA,NA,NA,NA,NA,NA,NA,NA,NA,NA,NA,0,Species,"leaves make up most of its diet, but fruits, flowers, and cultivated crops are also eated",,,no ,ARG,NA,captive,2,0,0
214,1412,Cotton Rat,Sigmodon hispidus,0,,Sigmodon_hispidus,HLsigHis1,vs_HLsigHis1,1,0,1,0,1,0,0,1,0,0,0,0,0,Omnivore,0,1,NA,NA,0,0,0,1,NA,NA,NA,NA,NA,NA,NA,NA,NA,NA,NA,NA,NA,NA,NA,NA,NA,NA,NA,NA,0,Genus,"They are omnivourous, feeding on vegetation, insects, and other small animals. In some areas they travel along ditches, where they feed on crayfish and fiddler crabs. The destroy both the eggs and chicks of bobwhite quail and often become pests by eating enourmous quantities of sugar cane and sweet potatoes. ",,,,,NA,captive,2,0,0
215,199,Solenodons,Solenodon paradoxus,1,,Solenodon_paradoxus,HLsolPar1,vs_HLsolPar1,1,1,0,1,1,0,0,1,0,0,0,0,0,Omnivore,0,1,NA,NA,0,0,0,1,NA,NA,NA,NA,NA,NA,NA,NA,NA,NA,NA,NA,NA,NA,NA,NA,NA,NA,NA,NA,0,,"invertebrates, reptiles, fruits, vegetables, and occasionally poultry",,,,,NA,wild,0,0,0
216,204,Shrew,Sorex araneus,1,sorAra2,Sorex_araneus,sorAra2,vs_sorAra2,1,0,1,1,1,0,0,0,0,0,0,0,0,Omnivore,0,1,NA,NA,0,0,0,1,NA,NA,NA,NA,NA,NA,NA,NA,NA,NA,NA,NA,NA,NA,NA,NA,NA,NA,NA,NA,0,Genus,"insects, worms, other small invertebrates, also feed on vertebrates, usually in the form of carrion, and occasionally eat plant material",,,,,NA,wild,0,0,0
217,1254,Mongolian Ground Squirrel ,Spermophilus dauricus,0,,Spermophilus_dauricus,HLspeDau1,vs_HLspeDau1,1,0,1,1,1,1,0,1,1,0,0,0,0,Omnivore,0,1,NA,NA,0,0,0,1,NA,NA,NA,NA,NA,NA,NA,NA,NA,NA,NA,NA,NA,NA,NA,NA,NA,NA,NA,NA,0,Genus,"Diet consists of seeds, nuts, grains, roots, bulbs, mushrooms, green vegetation, insects, and small invertebrates; occasionally small vertebrates and birds' eggs",,,,,NA,wild,0,0,0
218,1254,Squirrel,Spermophilus tridecemlineatus,0,speTri2,,,,1,0,1,1,1,1,0,1,1,0,0,0,0,Omnivore,0,1,NA,NA,0,0,0,1,NA,NA,NA,NA,NA,NA,NA,NA,NA,NA,NA,NA,NA,NA,NA,NA,NA,NA,0.022,0.068,0,Genus,"Diet consists of seeds, nuts, grains, roots, bulbs, mushrooms, green vegetation, insects, and small invertebrates; occasionally small vertebrates and birds' eggs",,,,,NA,NA,NA,NA,0
219,733,Spotted Skunk,Spilogale gracilis,1,,Spilogale_gracilis,HLspiGra1,vs_HLspiGra1,1,0,1,0,1,0,0,0,0,0,0,0,0,Omnivore,0,1,NA,NA,0,0,0,1,NA,NA,NA,NA,NA,NA,NA,NA,NA,NA,NA,NA,NA,NA,NA,NA,NA,NA,NA,NA,0,Genus,The omnivorous diet consists mainly of vegetation and insects in the summer and of rodents and other small animals in the winter,,,,,NA,wild,0,0,0
220,783,Slender-tailed Meerkat,Suricata suricatta,1,,Suricata_suricatta,HLsurSur2,vs_HLsurSur2,1,0,1,0,1,0,0,1,0,0,0,0,0,Omnivore,0,1,NA,NA,0,0,0,1,NA,NA,NA,NA,NA,NA,NA,NA,NA,NA,NA,NA,NA,NA,NA,NA,NA,NA,NA,NA,0,Species,"The diet is primarily insectivorous but also includes small vertebrates, eggs, and vegetable matter",,,,,NA,captive,2,0,0
221,1054,Pig,Sus scrofa,1,susScr3,Sus_scrofa,susScr11,vs_susScr11,1,0,1,1,1,1,0,1,1,0,0,0,0,Generalist,0,1,NA,NA,0,0,0,1,NA,NA,NA,NA,NA,NA,NA,NA,NA,NA,NA,NA,NA,NA,NA,NA,14.5,NA,0.192,180,0,Genus,"fungi, tubers, bulbs, green vegetation, grains, nuts, crops, invertebrates, small vertebrates, and carrion. Non-discriminatory",need to find carbohydrate and lipid data ,I. B. Cervo et al. Animal Biodiversity and Conservation 2020 ,YES,ARG,NA,domestic,1,1,0
222,477,Free-tailed Bats,Tadarida brasiliensis,1,,Tadarida_brasiliensis,HLtadBra1,vs_HLtadBra1,0,0,1,0,0,0,0,0,0,0,0,0,0,Insectivore,0,N/A,NA,1,0,0,0,1,NA,NA,NA,NA,NA,NA,NA,NA,NA,NA,NA,NA,NA,NA,NA,NA,NA,NA,NA,NA,0,Genus,The diet consists mostly of small moths and beetles.,,,,,NA,wild,0,0,1
223,1025,Malayan Tapir,Tapirus indicus,1,,Tapirus_indicus,HLtapInd2,vs_HLtapInd2,0,0,0,0,1,1,0,0,0,0,0,0,0,Herbivore,0,0,0,0,0,0,0,1,NA,NA,NA,NA,NA,NA,NA,NA,NA,NA,NA,NA,NA,NA,NA,NA,NA,NA,NA,NA,0,Genus,"Tapirs consume aquatic vegetation and the leaves, buds, twigs, and fruits of low-growing terrestrial plants, but in any particular habitat they eat mainly the green shoots of the most common prowsing plants. They also graze for food, and at times they have been known to damage young corn and other grains. ",,,,,NA,captive,2,0,0
224,1025,South American Tapir,Tapirus terrestris,1,,Tapirus_terrestris,HLtapTer1,vs_HLtapTer1,0,0,0,0,1,1,0,0,0,0,0,0,0,Herbivore,0,0,0,0,0,0,0,1,NA,NA,NA,NA,NA,NA,NA,NA,NA,NA,NA,NA,NA,NA,NA,NA,NA,NA,NA,NA,0,Genus,"Tapirs consume aquatic vegetation and the leaves, buds, twigs, and fruits of low-growing terrestrial plants, but in any particular habitat they eat mainly the green shoots of the most common prowsing plants. They also graze for food, and at times they have been known to damage young corn and other grains. ",,,,,NA,captive,2,0,0
225,1650,Cane rat,Thryonomys swinderianus,0,,Thryonomys_swinderianus,HLthrSwi1,vs_HLthrSwi1,0,1,0,0,1,1,0,0,0,0,0,0,0,Herbivore,0,0,0,0,0,0,0,1,NA,NA,NA,NA,NA,NA,NA,NA,NA,NA,NA,NA,NA,NA,NA,NA,NA,NA,NA,NA,0,Genus,"The diet consists mainly of grass and cane and also includes bark, nuts, fallen fruit, and cultivated crops.",,,,,NA,wild,0,0,0
226,364,Round-eared Bats,Tonatia saurophila,1,,Tonatia_saurophila,HLtonSau1,vs_HLtonSau1,0,1,1,0,0,0,0,0,0,0,0,0,0,Insectivore/Herbivore,0,0,NA,NA,0,0,0,1,NA,NA,NA,NA,NA,NA,NA,NA,NA,NA,NA,NA,NA,NA,NA,NA,NA,NA,NA,NA,0,Genus,"The diet of Tonatia consists mainly of insects, taken in flight and gleaned, and may also iinclude a variety of fruits",,,,,NA,wild,0,0,1
227,1082,Asiatic Mouse Deer,Tragulus javanicus,1,,Tragulus_javanicus,HLtraJav1,vs_HLtraJav1,0,1,0,0,1,0,0,0,0,0,0,0,0,Herbivore,0,0,0,0,0,0,0,1,NA,NA,NA,NA,NA,NA,NA,NA,NA,NA,NA,NA,NA,NA,NA,NA,NA,NA,NA,NA,0,Genus,"The diet consists chiefly of grass, the leaves of low bushes, and fallen jungle fruit and berries. ",,,,,NA,captive,2,0,0
228,987,Manatee,Trichechus manatus latirostris,0,triMan1,Trichechus_manatus,triMan1,vs_triMan1,0,0,0,0,1,0,0,0,0,0,0,0,0,Herbivore,0,0,0,0,1,1,1,0,NA,NA,NA,NA,NA,NA,NA,NA,NA,NA,NA,NA,NA,NA,NA,NA,NA,NA,NA,NA,0,Genus,"Vascular aquatic vegetation, captives-leafy vegetation",,,,,NA,NA,NA,NA,0
229,244,Chinese tree shrew,Tupaia chinensis,1,tupChi1,Tupaia_chinensis,tupChi1,vs_tupChi1,1,1,1,0,1,1,0,0,0,0,0,0,0,Ambiguous,0,NA,NA,NA,0,0,0,1,NA,NA,NA,NA,NA,NA,NA,NA,NA,NA,NA,NA,NA,NA,NA,NA,NA,NA,NA,NA,0,Genus,"Diet consists mainly of insects and animal food, fruits, seeds, and leaves; primarily fruit",,,,,NA,NA,NA,NA,0
230,244,Sumatran tree shrew,Tupaia tana,1,,Tupaia_tana,,vs_tupBel1,0,1,1,0,1,1,0,0,0,0,0,0,0,Ambiguous,0,NA,NA,NA,0,0,0,1,NA,NA,NA,NA,NA,NA,NA,NA,NA,NA,NA,NA,NA,NA,NA,NA,NA,NA,NA,NA,0,Genus,"Diet consists mainly of insects and animal food, fruits, seeds, and leaves; primarily fruit",,,,,NA,captive,2,0,0
231,925,Bottle-nose Dolphin,Tursiops truncatus,1,turTru2,Tursiops_truncatus,HLturTru4,vs_HLturTru4,0,0,0,0,0,0,0,0,0,0,1,1,0,Piscivore ,0,1,1,NA,1,1,1,0,NA,NA,NA,NA,NA,NA,NA,NA,NA,NA,NA,NA,NA,NA,NA,NA,NA,NA,1.5,500,0,Species,fish and cephalopods,,,,,NA,wild,0,0,1
232,230,Asiatic Shrew Mole (Sichuan and Yunnan),Uropsilus gracilis,1,,Uropsilus_gracilis,HLuroGra1,vs_HLuroGra1,0,0,0,1,1,0,0,0,0,0,0,0,0,Insectivore/Herbivore,0,0,NA,NA,0,0,0,1,NA,NA,NA,NA,NA,NA,NA,NA,NA,NA,NA,NA,NA,NA,NA,NA,NA,NA,NA,NA,1,Genus,They probably frequent leaf mold and feed on invertebrates,,,,,NA,wild,0,0,0
233,681,Polar Bear,Ursus maritimus,1,ursMar1,Ursus_maritimus,ursMar1,vs_ursMar1,1,0,0,0,1,0,0,0,0,0,0,1,1,Carnivore,1,1,1,NA,0,0,0,1,NA,NA,NA,NA,NA,NA,NA,NA,NA,NA,NA,NA,NA,NA,NA,NA,NA,NA,NA,NA,0,Species ,"The polar bear feeds primarily on the ringed seal. The diet also includes the carcasses of stranded marine mammals, small land mammals, reindeer, fish, and vegetation. ",,,,,NA,captive,2,0,0
234,1077,Alpaca,Vicugna pacos,1,vicPac2,Vicugna_pacos,vicPac2,vs_vicPac2,0,0,0,0,1,0,0,0,0,0,0,0,0,Herbivore,0,0,0,0,0,0,0,1,NA,NA,NA,NA,NA,NA,NA,NA,NA,NA,NA,NA,NA,NA,NA,NA,NA,NA,NA,NA,0,Species,low perennial grasses,,,,,NA,domestic,1,1,0
235,636,Arctic Fox,Vulpes lagopus,1,,Vulpes_lagopus,HLvulLag1,vs_HLvulLag1,1,0,0,0,0,0,0,1,0,0,1,1,1,Carnivore,1,1,1,NA,0,0,0,1,NA,NA,NA,NA,NA,NA,NA,NA,NA,NA,NA,NA,NA,NA,NA,NA,NA,NA,NA,NA,0,,"Also known as Alopex lagopus; Alopex takes any available animal food, alive or dead, and frequently stores it for later use. Its winter diet includes the remains of marine mammals, invertebrates, sea birds, and fish. It is also known to be an imporant predator of the ringed seal. ",,,,,NA,captive,2,0,0
236,1262,African Ground Squirrel,Xerus inauris,0,,Xerus_inauris,HLxerIna1,vs_HLxerIna1,1,1,1,0,1,1,0,1,0,0,0,0,0,Omnivore,0,1,NA,NA,0,0,0,1,NA,NA,NA,NA,NA,NA,NA,NA,NA,NA,NA,NA,NA,NA,NA,NA,NA,NA,NA,NA,0,Genus,"The diet consists of roots, seeds, fruits, pods, grains, insects, small vertebrates, and birds' eggs",,,,,NA,wild,0,0,0
237,852,California Sea Lion,Zalophus californianus,1,,Zalophus_californianus,HLzalCal1,vs_HLzalCal1,0,0,0,0,0,0,0,0,0,0,1,1,0,Piscivore,0,1,1,NA,0.5,NA,1,0,NA,NA,NA,NA,NA,NA,NA,NA,NA,NA,NA,NA,NA,NA,NA,NA,NA,NA,NA,NA,0,Species,The diet consists mostly of fish and also includes cephalopods.,,,,,NA,wild,0,0,0
238,1331,Jumping Mouse,Zapus hudsonius,0,,Zapus_hudsonius,HLzapHud1,vs_HLzapHud1,0,1,1,0,0,1,0,0,1,0,0,0,0,Insectivore/herbivore,0,0,NA,NA,0,0,0,1,NA,NA,NA,NA,NA,NA,NA,NA,NA,NA,NA,NA,NA,NA,NA,NA,NA,NA,NA,NA,0,Genus,"Seeds are generally the most significant component of the diet, but Zapus also eats fungus, nuts, berries, fruits, and insects.",,,,,NA,captive,2,0,0
239,947,Goose-beaked Whale,Ziphius cavirostris,1,,Ziphius_cavirostris,HLzipCav1,vs_HLzipCav1,0,0,0,0,0,0,0,0,0,0,1,1,0,Carnivore,0,1,NA,NA,1,1,1,0,NA,NA,NA,NA,NA,NA,NA,NA,NA,NA,NA,NA,NA,NA,NA,NA,NA,NA,NA,NA,0,Species,It's diet consists primarily of squid and also includes deep-water fish,,,,,NA,wild,0,0,1
240,NA,Desert Rodent ,,NA,,,,,NA,NA,NA,NA,NA,NA,NA,NA,NA,NA,NA,NA,NA,,NA,,NA,NA,NA,NA,NA,NA,NA,NA,NA,NA,NA,NA,NA,NA,NA,NA,NA,NA,NA,NA,NA,NA,NA,NA,NA,NA,NA,,,,,,,NA,NA,NA,NA,0
241,NA,Brown Bear ,,NA,,,,,NA,NA,NA,NA,NA,NA,NA,NA,NA,NA,NA,NA,NA,,NA,,NA,NA,NA,NA,NA,NA,NA,NA,NA,NA,NA,NA,NA,NA,NA,NA,NA,NA,NA,NA,NA,NA,NA,NA,0.45,135,NA,,,,,,,NA,NA,NA,NA,0
242,NA,Moose ,,NA,,,,,NA,NA,NA,NA,NA,NA,NA,NA,NA,NA,NA,NA,NA,,NA,,NA,NA,NA,NA,NA,NA,NA,NA,NA,NA,NA,NA,NA,NA,NA,NA,NA,NA,NA,NA,NA,NA,NA,NA,NA,NA,NA,,,,,,,NA,NA,NA,NA,0
243,NA,Martes,,NA,,,,,NA,NA,NA,NA,NA,NA,NA,NA,NA,NA,NA,NA,NA,,NA,,NA,NA,NA,NA,NA,NA,NA,NA,NA,NA,NA,NA,NA,NA,NA,NA,NA,NA,NA,NA,NA,NA,NA,NA,NA,NA,NA,,,,,,,NA,NA,NA,NA,0
244,NA,Beech Marten,,NA,,,,,NA,NA,NA,NA,NA,NA,NA,NA,NA,NA,NA,NA,NA,,NA,,NA,NA,NA,NA,NA,NA,NA,NA,NA,NA,NA,NA,NA,NA,NA,NA,NA,NA,NA,NA,NA,NA,NA,NA,NA,NA,NA,,,,,,,NA,NA,NA,NA,0
245,NA,Colobinae ,,NA,,,,,NA,NA,NA,NA,NA,NA,NA,NA,NA,NA,NA,NA,NA,,NA,,NA,NA,NA,NA,NA,NA,NA,NA,NA,NA,NA,NA,NA,NA,NA,NA,NA,NA,NA,NA,NA,NA,NA,NA,NA,NA,NA,,,,,,,NA,NA,NA,NA,0
246,NA,Red Fox ,,NA,,,,,NA,NA,NA,NA,NA,NA,NA,NA,NA,NA,NA,NA,NA,,NA,,NA,NA,NA,NA,NA,NA,NA,NA,NA,NA,NA,NA,NA,NA,NA,NA,NA,NA,NA,NA,NA,NA,NA,NA,NA,NA,NA,,,,,,,NA,NA,NA,NA,0
247,NA,South American Sea Lion ,,NA,,,,,NA,NA,NA,NA,NA,NA,NA,NA,NA,NA,NA,NA,NA,,NA,,NA,NA,NA,NA,NA,NA,NA,NA,NA,NA,NA,NA,NA,NA,NA,NA,NA,NA,NA,NA,NA,NA,NA,NA,NA,NA,NA,,,,,,,NA,NA,NA,NA,0
248,NA,Black Bear ,,NA,,,,,NA,NA,NA,NA,NA,NA,NA,NA,NA,NA,NA,NA,NA,,NA,,NA,NA,NA,NA,NA,NA,NA,NA,NA,NA,NA,NA,NA,NA,NA,NA,NA,NA,NA,NA,NA,NA,NA,NA,0.45,103.1,NA,,,,,,,NA,NA,NA,NA,0
